"FullName","DirectoryName","Name","Extension","Length","LastWriteTime"
"C:\Users\mete\Downloads\uxminima\bilgi.md","C:\Users\mete\Downloads\uxminima","bilgi.md",".md","5621","2.05.2026 22:49:01"
"C:\Users\mete\Downloads\uxminima\build_all.bat","C:\Users\mete\Downloads\uxminima","build_all.bat",".bat","412","3.05.2026 22:47:26"
"C:\Users\mete\Downloads\uxminima\build_final_compiler.bat","C:\Users\mete\Downloads\uxminima","build_final_compiler.bat",".bat","261","3.05.2026 22:47:26"
"C:\Users\mete\Downloads\uxminima\build_one.bat","C:\Users\mete\Downloads\uxminima","build_one.bat",".bat","796","3.05.2026 22:47:26"
"C:\Users\mete\Downloads\uxminima\FILE_MANIFEST.txt","C:\Users\mete\Downloads\uxminima","FILE_MANIFEST.txt",".txt","6465","3.05.2026 22:47:26"
"C:\Users\mete\Downloads\uxminima\gercek_durum.md","C:\Users\mete\Downloads\uxminima","gercek_durum.md",".md","1207","3.05.2026 22:47:26"
"C:\Users\mete\Downloads\uxminima\karsilastirma v2.md","C:\Users\mete\Downloads\uxminima","karsilastirma v2.md",".md","8491","2.05.2026 22:49:01"
"C:\Users\mete\Downloads\uxminima\kullanma klavuzu genisletme.md","C:\Users\mete\Downloads\uxminima","kullanma klavuzu genisletme.md",".md","14232","2.05.2026 22:49:01"
"C:\Users\mete\Downloads\uxminima\run_final_probe.bat","C:\Users\mete\Downloads\uxminima","run_final_probe.bat",".bat","382","3.05.2026 22:47:26"
"C:\Users\mete\Downloads\uxminima\run_tests.bat","C:\Users\mete\Downloads\uxminima","run_tests.bat",".bat","370","3.05.2026 22:47:26"
"C:\Users\mete\Downloads\uxminima\ux_minima_full v31.md","C:\Users\mete\Downloads\uxminima","ux_minima_full v31.md",".md","155210","3.05.2026 22:47:26"
"C:\Users\mete\Downloads\uxminima\ux_minima_IDE_vscode.md","C:\Users\mete\Downloads\uxminima","ux_minima_IDE_vscode.md",".md","10400","3.05.2026 22:47:26"
"C:\Users\mete\Downloads\uxminima\uX_Minima_Kullanim Klavuzu.md","C:\Users\mete\Downloads\uxminima","uX_Minima_Kullanim Klavuzu.md",".md","26911","3.05.2026 22:47:26"
"C:\Users\mete\Downloads\uxminima\ux_minima_x64_v31_fb.zip","C:\Users\mete\Downloads\uxminima","ux_minima_x64_v31_fb.zip",".zip","216069","3.05.2026 22:38:36"
"C:\Users\mete\Downloads\uxminima\ux_minimax_ide_tasarimi_dusuncesi.md","C:\Users\mete\Downloads\uxminima","ux_minimax_ide_tasarimi_dusuncesi.md",".md","11057","3.05.2026 22:47:26"
"C:\Users\mete\Downloads\uxminima\uxm_v2_compiler.bas","C:\Users\mete\Downloads\uxminima","uxm_v2_compiler.bas",".bas","45444","2.05.2026 22:49:01"
"C:\Users\mete\Downloads\uxminima\uxm_v2_runtime.bas","C:\Users\mete\Downloads\uxminima","uxm_v2_runtime.bas",".bas","3471","2.05.2026 22:49:01"
"C:\Users\mete\Downloads\uxminima\uxm31_compiler_fb.bas","C:\Users\mete\Downloads\uxminima","uxm31_compiler_fb.bas",".bas","55825","3.05.2026 22:47:26"
"C:\Users\mete\Downloads\uxminima\uxm31_compiler_fb.clean.bas","C:\Users\mete\Downloads\uxminima","uxm31_compiler_fb.clean.bas",".bas","55175","3.05.2026 22:47:26"
"C:\Users\mete\Downloads\uxminima\uxm31_full_tool_fb_2.bas","C:\Users\mete\Downloads\uxminima","uxm31_full_tool_fb_2.bas",".bas","59120","3.05.2026 22:47:26"
"C:\Users\mete\Downloads\uxminima\uxm31_full_tool_fb.bas","C:\Users\mete\Downloads\uxminima","uxm31_full_tool_fb.bas",".bas","57331","3.05.2026 22:47:26"
"C:\Users\mete\Downloads\uxminima\uxm31_runtime_fb_full.bas","C:\Users\mete\Downloads\uxminima","uxm31_runtime_fb_full.bas",".bas","34271","3.05.2026 22:47:26"
"C:\Users\mete\Downloads\uxminima\uxm31_runtime_fb.bas","C:\Users\mete\Downloads\uxminima","uxm31_runtime_fb.bas",".bas","29726","3.05.2026 22:47:26"
"C:\Users\mete\Downloads\uxminima\uxminimabilgi.md","C:\Users\mete\Downloads\uxminima","uxminimabilgi.md",".md","54743","2.05.2026 19:16:32"
"C:\Users\mete\Downloads\uxminima\v2 ile yazilabilecek programlar.md","C:\Users\mete\Downloads\uxminima","v2 ile yazilabilecek programlar.md",".md","14108","2.05.2026 22:49:01"
"C:\Users\mete\Downloads\uxminima\v2 karsilastirma.md","C:\Users\mete\Downloads\uxminima","v2 karsilastirma.md",".md","13703","2.05.2026 22:49:01"
"C:\Users\mete\Downloads\uxminima\.vscode\launch.json","C:\Users\mete\Downloads\uxminima\.vscode","launch.json",".json","256","3.05.2026 12:38:34"
"C:\Users\mete\Downloads\uxminima\.vscode\settings.json","C:\Users\mete\Downloads\uxminima\.vscode","settings.json",".json","3054","3.05.2026 23:06:13"
"C:\Users\mete\Downloads\uxminima\.vscode\tasks.json","C:\Users\mete\Downloads\uxminima\.vscode","tasks.json",".json","2320","3.05.2026 12:38:34"
"C:\Users\mete\Downloads\uxminima\ux-minima x64 v3.1 qb64\test.bas","C:\Users\mete\Downloads\uxminima\ux-minima x64 v3.1 qb64","test.bas",".bas","3455","3.05.2026 06:39:56"
"C:\Users\mete\Downloads\uxminima\ux-minima x64 v3.1 qb64\uxm31_qb64_compiler - hatali .bas","C:\Users\mete\Downloads\uxminima\ux-minima x64 v3.1 qb64","uxm31_qb64_compiler - hatali .bas",".bas","89968","3.05.2026 06:13:44"
"C:\Users\mete\Downloads\uxminima\ux-minima x64 v3.1 qb64\uxm31_qb64_compiler.bas","C:\Users\mete\Downloads\uxminima\ux-minima x64 v3.1 qb64","uxm31_qb64_compiler.bas",".bas","50507","3.05.2026 06:39:56"
"C:\Users\mete\Downloads\uxminima\ux-minima x64 v3.1 qb64\uxm31_runtime hatali.bas","C:\Users\mete\Downloads\uxminima\ux-minima x64 v3.1 qb64","uxm31_runtime hatali.bas",".bas","35460","3.05.2026 06:39:56"
"C:\Users\mete\Downloads\uxminima\ux-minima x64 v3.1 qb64\uxm31_runtime.bas","C:\Users\mete\Downloads\uxminima\ux-minima x64 v3.1 qb64","uxm31_runtime.bas",".bas","37288","3.05.2026 06:39:56"
"C:\Users\mete\Downloads\uxminima\ux-minima6502\uxminima.bas","C:\Users\mete\Downloads\uxminima\ux-minima6502","uxminima.bas",".bas","13602","2.05.2026 22:49:01"
"C:\Users\mete\Downloads\uxminima\ux-minima_6502_v2\patterbankasi1.bas","C:\Users\mete\Downloads\uxminima\ux-minima_6502_v2","patterbankasi1.bas",".bas","10833","2.05.2026 22:49:01"
"C:\Users\mete\Downloads\uxminima\ux-minima_6502_v2\patternbank_6502_unique_review.bas","C:\Users\mete\Downloads\uxminima\ux-minima_6502_v2","patternbank_6502_unique_review.bas",".bas","14408","2.05.2026 23:19:50"
"C:\Users\mete\Downloads\uxminima\ux-minima_6502_v2\patternbank2.bas","C:\Users\mete\Downloads\uxminima\ux-minima_6502_v2","patternbank2.bas",".bas","5821","2.05.2026 22:49:01"
"C:\Users\mete\Downloads\uxminima\ux-minima_6502_v2\patternbank4.bas","C:\Users\mete\Downloads\uxminima\ux-minima_6502_v2","patternbank4.bas",".bas","29543","2.05.2026 22:49:01"
"C:\Users\mete\Downloads\uxminima\ux-minima_6502_v2\uxminima_6502_inceleme_raporu.md","C:\Users\mete\Downloads\uxminima\ux-minima_6502_v2","uxminima_6502_inceleme_raporu.md",".md","7756","2.05.2026 23:19:44"
"C:\Users\mete\Downloads\uxminima\ux-minima_6502_v2\uxminima_v2.bas","C:\Users\mete\Downloads\uxminima\ux-minima_6502_v2","uxminima_v2.bas",".bas","24410","2.05.2026 22:49:01"
"C:\Users\mete\Downloads\uxminima\ux-minima_6502_v2\uxminima_v3-iskelet.bas","C:\Users\mete\Downloads\uxminima\ux-minima_6502_v2","uxminima_v3-iskelet.bas",".bas","50590","3.05.2026 06:39:56"
"C:\Users\mete\Downloads\uxminima\ux-minima_6502_v2\uxminmav1.bas","C:\Users\mete\Downloads\uxminima\ux-minima_6502_v2","uxminmav1.bas",".bas","13602","2.05.2026 22:49:01"
"C:\Users\mete\Downloads\uxminima\ux-minima_6502_v2\uxminmav3.bas","C:\Users\mete\Downloads\uxminima\ux-minima_6502_v2","uxminmav3.bas",".bas","4467","2.05.2026 22:49:01"
"C:\Users\mete\Downloads\uxminima\uxm31_FULL_FINAL_REAL\build_all.bat","C:\Users\mete\Downloads\uxminima\uxm31_FULL_FINAL_REAL","build_all.bat",".bat","412","3.05.2026 23:08:54"
"C:\Users\mete\Downloads\uxminima\uxm31_FULL_FINAL_REAL\build_final_compiler.bat","C:\Users\mete\Downloads\uxminima\uxm31_FULL_FINAL_REAL","build_final_compiler.bat",".bat","261","3.05.2026 23:08:54"
"C:\Users\mete\Downloads\uxminima\uxm31_FULL_FINAL_REAL\build_one.bat","C:\Users\mete\Downloads\uxminima\uxm31_FULL_FINAL_REAL","build_one.bat",".bat","796","3.05.2026 23:08:54"
"C:\Users\mete\Downloads\uxminima\uxm31_FULL_FINAL_REAL\FILE_MANIFEST.txt","C:\Users\mete\Downloads\uxminima\uxm31_FULL_FINAL_REAL","FILE_MANIFEST.txt",".txt","6465","3.05.2026 23:08:54"
"C:\Users\mete\Downloads\uxminima\uxm31_FULL_FINAL_REAL\gercek_durum.md","C:\Users\mete\Downloads\uxminima\uxm31_FULL_FINAL_REAL","gercek_durum.md",".md","1207","3.05.2026 23:08:54"
"C:\Users\mete\Downloads\uxminima\uxm31_FULL_FINAL_REAL\run_final_probe.bat","C:\Users\mete\Downloads\uxminima\uxm31_FULL_FINAL_REAL","run_final_probe.bat",".bat","382","3.05.2026 23:08:54"
"C:\Users\mete\Downloads\uxminima\uxm31_FULL_FINAL_REAL\run_tests.bat","C:\Users\mete\Downloads\uxminima\uxm31_FULL_FINAL_REAL","run_tests.bat",".bat","370","3.05.2026 23:08:54"
"C:\Users\mete\Downloads\uxminima\uxm31_FULL_FINAL_REAL\ux_minima_full v31.md","C:\Users\mete\Downloads\uxminima\uxm31_FULL_FINAL_REAL","ux_minima_full v31.md",".md","155210","3.05.2026 23:08:54"
"C:\Users\mete\Downloads\uxminima\uxm31_FULL_FINAL_REAL\ux_minima_IDE_vscode.md","C:\Users\mete\Downloads\uxminima\uxm31_FULL_FINAL_REAL","ux_minima_IDE_vscode.md",".md","10400","3.05.2026 23:08:54"
"C:\Users\mete\Downloads\uxminima\uxm31_FULL_FINAL_REAL\uX_Minima_Kullanim Klavuzu.md","C:\Users\mete\Downloads\uxminima\uxm31_FULL_FINAL_REAL","uX_Minima_Kullanim Klavuzu.md",".md","26911","3.05.2026 23:08:54"
"C:\Users\mete\Downloads\uxminima\uxm31_FULL_FINAL_REAL\ux_minimax_ide_tasarimi_dusuncesi.md","C:\Users\mete\Downloads\uxminima\uxm31_FULL_FINAL_REAL","ux_minimax_ide_tasarimi_dusuncesi.md",".md","11057","3.05.2026 23:08:54"
"C:\Users\mete\Downloads\uxminima\uxm31_FULL_FINAL_REAL\uxm31_compiler_fb.bas","C:\Users\mete\Downloads\uxminima\uxm31_FULL_FINAL_REAL","uxm31_compiler_fb.bas",".bas","55825","3.05.2026 23:08:54"
"C:\Users\mete\Downloads\uxminima\uxm31_FULL_FINAL_REAL\uxm31_compiler_fb.clean.bas","C:\Users\mete\Downloads\uxminima\uxm31_FULL_FINAL_REAL","uxm31_compiler_fb.clean.bas",".bas","55175","3.05.2026 23:08:54"
"C:\Users\mete\Downloads\uxminima\uxm31_FULL_FINAL_REAL\uxm31_full_tool_fb_2.bas","C:\Users\mete\Downloads\uxminima\uxm31_FULL_FINAL_REAL","uxm31_full_tool_fb_2.bas",".bas","59120","3.05.2026 23:08:54"
"C:\Users\mete\Downloads\uxminima\uxm31_FULL_FINAL_REAL\uxm31_full_tool_fb.bas","C:\Users\mete\Downloads\uxminima\uxm31_FULL_FINAL_REAL","uxm31_full_tool_fb.bas",".bas","57331","3.05.2026 23:08:54"
"C:\Users\mete\Downloads\uxminima\uxm31_FULL_FINAL_REAL\uxm31_runtime_fb_full.bas","C:\Users\mete\Downloads\uxminima\uxm31_FULL_FINAL_REAL","uxm31_runtime_fb_full.bas",".bas","34271","3.05.2026 23:08:54"
"C:\Users\mete\Downloads\uxminima\uxm31_FULL_FINAL_REAL\uxm31_runtime_fb.bas","C:\Users\mete\Downloads\uxminima\uxm31_FULL_FINAL_REAL","uxm31_runtime_fb.bas",".bas","29726","3.05.2026 23:08:54"
"C:\Users\mete\Downloads\uxminima\uxm31_FULL_FINAL_REAL\yeni tasarim eksiklikler.md","C:\Users\mete\Downloads\uxminima\uxm31_FULL_FINAL_REAL","yeni tasarim eksiklikler.md",".md","59673","3.05.2026 22:37:42"
"C:\Users\mete\Downloads\uxminima\uxm31_FULL_FINAL_REAL\compiler\uxm31_compiler_fb.bas","C:\Users\mete\Downloads\uxminima\uxm31_FULL_FINAL_REAL\compiler","uxm31_compiler_fb.bas",".bas","55825","3.05.2026 23:08:55"
"C:\Users\mete\Downloads\uxminima\uxm31_FULL_FINAL_REAL\final\build_final.bat","C:\Users\mete\Downloads\uxminima\uxm31_FULL_FINAL_REAL\final","build_final.bat",".bat","386","3.05.2026 23:08:55"
"C:\Users\mete\Downloads\uxminima\uxm31_FULL_FINAL_REAL\final\uxm31_compiler_final.bas","C:\Users\mete\Downloads\uxminima\uxm31_FULL_FINAL_REAL\final","uxm31_compiler_final.bas",".bas","64466","3.05.2026 23:08:55"
"C:\Users\mete\Downloads\uxminima\uxm31_FULL_FINAL_REAL\final\UXM31_FINAL_ARGE_COMPILER.md","C:\Users\mete\Downloads\uxminima\uxm31_FULL_FINAL_REAL\final","UXM31_FINAL_ARGE_COMPILER.md",".md","1257","3.05.2026 23:08:55"
"C:\Users\mete\Downloads\uxminima\uxm31_FULL_FINAL_REAL\final\examples\dynamic_data_address.uxm","C:\Users\mete\Downloads\uxminima\uxm31_FULL_FINAL_REAL\final\examples","dynamic_data_address.uxm",".uxm","70","3.05.2026 23:08:55"
"C:\Users\mete\Downloads\uxminima\uxm31_FULL_FINAL_REAL\final\examples\final_probe.uxm","C:\Users\mete\Downloads\uxminima\uxm31_FULL_FINAL_REAL\final\examples","final_probe.uxm",".uxm","134","3.05.2026 23:08:55"
"C:\Users\mete\Downloads\uxminima\uxm31_FULL_FINAL_REAL\ide\uxminima-vscode\ide_okubeni.md","C:\Users\mete\Downloads\uxminima\uxm31_FULL_FINAL_REAL\ide\uxminima-vscode","ide_okubeni.md",".md","2211","3.05.2026 23:08:54"
"C:\Users\mete\Downloads\uxminima\uxm31_FULL_FINAL_REAL\ide\uxminima-vscode\language-configuration.json","C:\Users\mete\Downloads\uxminima\uxm31_FULL_FINAL_REAL\ide\uxminima-vscode","language-configuration.json",".json","408","3.05.2026 23:08:54"
"C:\Users\mete\Downloads\uxminima\uxm31_FULL_FINAL_REAL\ide\uxminima-vscode\package.json","C:\Users\mete\Downloads\uxminima\uxm31_FULL_FINAL_REAL\ide\uxminima-vscode","package.json",".json","3886","3.05.2026 23:08:54"
"C:\Users\mete\Downloads\uxminima\uxm31_FULL_FINAL_REAL\ide\uxminima-vscode\README.md","C:\Users\mete\Downloads\uxminima\uxm31_FULL_FINAL_REAL\ide\uxminima-vscode","README.md",".md","1012","3.05.2026 23:08:54"
"C:\Users\mete\Downloads\uxminima\uxm31_FULL_FINAL_REAL\ide\uxminima-vscode\tsconfig.json","C:\Users\mete\Downloads\uxminima\uxm31_FULL_FINAL_REAL\ide\uxminima-vscode","tsconfig.json",".json","291","3.05.2026 23:08:54"
"C:\Users\mete\Downloads\uxminima\uxm31_FULL_FINAL_REAL\ide\uxminima-vscode\.github\copilot-instructions.md","C:\Users\mete\Downloads\uxminima\uxm31_FULL_FINAL_REAL\ide\uxminima-vscode\.github","copilot-instructions.md",".md","1347","3.05.2026 23:08:54"
"C:\Users\mete\Downloads\uxminima\uxm31_FULL_FINAL_REAL\ide\uxminima-vscode\.vscode\launch.json","C:\Users\mete\Downloads\uxminima\uxm31_FULL_FINAL_REAL\ide\uxminima-vscode\.vscode","launch.json",".json","310","3.05.2026 23:08:54"
"C:\Users\mete\Downloads\uxminima\uxm31_FULL_FINAL_REAL\ide\uxminima-vscode\.vscode\tasks.json","C:\Users\mete\Downloads\uxminima\uxm31_FULL_FINAL_REAL\ide\uxminima-vscode\.vscode","tasks.json",".json","282","3.05.2026 23:08:54"
"C:\Users\mete\Downloads\uxminima\uxm31_FULL_FINAL_REAL\ide\uxminima-vscode\docs\UXM_EXAMPLES.md","C:\Users\mete\Downloads\uxminima\uxm31_FULL_FINAL_REAL\ide\uxminima-vscode\docs","UXM_EXAMPLES.md",".md","241","3.05.2026 23:08:54"
"C:\Users\mete\Downloads\uxminima\uxm31_FULL_FINAL_REAL\ide\uxminima-vscode\docs\UXM_IDE_PROTOCOL.md","C:\Users\mete\Downloads\uxminima\uxm31_FULL_FINAL_REAL\ide\uxminima-vscode\docs","UXM_IDE_PROTOCOL.md",".md","514","3.05.2026 23:08:54"
"C:\Users\mete\Downloads\uxminima\uxm31_FULL_FINAL_REAL\ide\uxminima-vscode\docs\UXM_LANGUAGE_SPEC.md","C:\Users\mete\Downloads\uxminima\uxm31_FULL_FINAL_REAL\ide\uxminima-vscode\docs","UXM_LANGUAGE_SPEC.md",".md","933","3.05.2026 23:08:54"
"C:\Users\mete\Downloads\uxminima\uxm31_FULL_FINAL_REAL\ide\uxminima-vscode\docs\UXM_MEMORY_MODEL.md","C:\Users\mete\Downloads\uxminima\uxm31_FULL_FINAL_REAL\ide\uxminima-vscode\docs","UXM_MEMORY_MODEL.md",".md","472","3.05.2026 23:08:54"
"C:\Users\mete\Downloads\uxminima\uxm31_FULL_FINAL_REAL\ide\uxminima-vscode\docs\UXM_META_SERVICES.md","C:\Users\mete\Downloads\uxminima\uxm31_FULL_FINAL_REAL\ide\uxminima-vscode\docs","UXM_META_SERVICES.md",".md","819","3.05.2026 23:08:54"
"C:\Users\mete\Downloads\uxminima\uxm31_FULL_FINAL_REAL\ide\uxminima-vscode\docs\UXM_TRACE_FORMAT.md","C:\Users\mete\Downloads\uxminima\uxm31_FULL_FINAL_REAL\ide\uxminima-vscode\docs","UXM_TRACE_FORMAT.md",".md","548","3.05.2026 23:08:54"
"C:\Users\mete\Downloads\uxminima\uxm31_FULL_FINAL_REAL\ide\uxminima-vscode\examples\data_sort.uxm","C:\Users\mete\Downloads\uxminima\uxm31_FULL_FINAL_REAL\ide\uxminima-vscode\examples","data_sort.uxm",".uxm","206","3.05.2026 23:08:54"
"C:\Users\mete\Downloads\uxminima\uxm31_FULL_FINAL_REAL\ide\uxminima-vscode\examples\fifo_watch.uxm","C:\Users\mete\Downloads\uxminima\uxm31_FULL_FINAL_REAL\ide\uxminima-vscode\examples","fifo_watch.uxm",".uxm","101","3.05.2026 23:08:54"
"C:\Users\mete\Downloads\uxminima\uxm31_FULL_FINAL_REAL\ide\uxminima-vscode\snippets\uxm.code-snippets","C:\Users\mete\Downloads\uxminima\uxm31_FULL_FINAL_REAL\ide\uxminima-vscode\snippets","uxm.code-snippets",".code-snippets","1007","3.05.2026 23:08:54"
"C:\Users\mete\Downloads\uxminima\uxm31_FULL_FINAL_REAL\ide\uxminima-vscode\src\diagnostics.ts","C:\Users\mete\Downloads\uxminima\uxm31_FULL_FINAL_REAL\ide\uxminima-vscode\src","diagnostics.ts",".ts","4859","3.05.2026 23:08:54"
"C:\Users\mete\Downloads\uxminima\uxm31_FULL_FINAL_REAL\ide\uxminima-vscode\src\extension.ts","C:\Users\mete\Downloads\uxminima\uxm31_FULL_FINAL_REAL\ide\uxminima-vscode\src","extension.ts",".ts","6481","3.05.2026 23:08:54"
"C:\Users\mete\Downloads\uxminima\uxm31_FULL_FINAL_REAL\ide\uxminima-vscode\src\metaServices.ts","C:\Users\mete\Downloads\uxminima\uxm31_FULL_FINAL_REAL\ide\uxminima-vscode\src","metaServices.ts",".ts","6209","3.05.2026 23:08:54"
"C:\Users\mete\Downloads\uxminima\uxm31_FULL_FINAL_REAL\ide\uxminima-vscode\src\toolchain.ts","C:\Users\mete\Downloads\uxminima\uxm31_FULL_FINAL_REAL\ide\uxminima-vscode\src","toolchain.ts",".ts","4294","3.05.2026 23:08:54"
"C:\Users\mete\Downloads\uxminima\uxm31_FULL_FINAL_REAL\ide\uxminima-vscode\src\traceReader.ts","C:\Users\mete\Downloads\uxminima\uxm31_FULL_FINAL_REAL\ide\uxminima-vscode\src","traceReader.ts",".ts","1500","3.05.2026 23:08:54"
"C:\Users\mete\Downloads\uxminima\uxm31_FULL_FINAL_REAL\ide\uxminima-vscode\src\uxmInterpreter.ts","C:\Users\mete\Downloads\uxminima\uxm31_FULL_FINAL_REAL\ide\uxminima-vscode\src","uxmInterpreter.ts",".ts","23477","3.05.2026 23:08:55"
"C:\Users\mete\Downloads\uxminima\uxm31_FULL_FINAL_REAL\ide\uxminima-vscode\src\views\memoryView.ts","C:\Users\mete\Downloads\uxminima\uxm31_FULL_FINAL_REAL\ide\uxminima-vscode\src\views","memoryView.ts",".ts","6803","3.05.2026 23:08:55"
"C:\Users\mete\Downloads\uxminima\uxm31_FULL_FINAL_REAL\ide\uxminima-vscode\syntaxes\uxm.tmLanguage.json","C:\Users\mete\Downloads\uxminima\uxm31_FULL_FINAL_REAL\ide\uxminima-vscode\syntaxes","uxm.tmLanguage.json",".json","2546","3.05.2026 23:08:55"
"C:\Users\mete\Downloads\uxminima\uxm31_FULL_FINAL_REAL\ide\uxminima-vscode\tools\README_TOOLCHAIN.md","C:\Users\mete\Downloads\uxminima\uxm31_FULL_FINAL_REAL\ide\uxminima-vscode\tools","README_TOOLCHAIN.md",".md","342","3.05.2026 23:08:55"
"C:\Users\mete\Downloads\uxminima\uxm31_FULL_FINAL_REAL\lib\ux_math_v1.uxm","C:\Users\mete\Downloads\uxminima\uxm31_FULL_FINAL_REAL\lib","ux_math_v1.uxm",".uxm","253","3.05.2026 23:08:55"
"C:\Users\mete\Downloads\uxminima\uxm31_FULL_FINAL_REAL\math_extensions\compiler\arge_parse_math_additions.bas","C:\Users\mete\Downloads\uxminima\uxm31_FULL_FINAL_REAL\math_extensions\compiler","arge_parse_math_additions.bas",".bas","4825","3.05.2026 23:08:55"
"C:\Users\mete\Downloads\uxminima\uxm31_FULL_FINAL_REAL\math_extensions\docs\UXM_MATH_EXTENSIONS.md","C:\Users\mete\Downloads\uxminima\uxm31_FULL_FINAL_REAL\math_extensions\docs","UXM_MATH_EXTENSIONS.md",".md","1568","3.05.2026 23:08:55"
"C:\Users\mete\Downloads\uxminima\uxm31_FULL_FINAL_REAL\math_extensions\lib\ux_math_v1.uxm","C:\Users\mete\Downloads\uxminima\uxm31_FULL_FINAL_REAL\math_extensions\lib","ux_math_v1.uxm",".uxm","253","3.05.2026 23:08:55"
"C:\Users\mete\Downloads\uxminima\uxm31_FULL_FINAL_REAL\math_extensions\runtime\runtime_math_services.bas","C:\Users\mete\Downloads\uxminima\uxm31_FULL_FINAL_REAL\math_extensions\runtime","runtime_math_services.bas",".bas","12025","3.05.2026 23:08:55"
"C:\Users\mete\Downloads\uxminima\uxm31_FULL_FINAL_REAL\math_extensions\tests_math\test_math01_poly_deriv_arge.uxm","C:\Users\mete\Downloads\uxminima\uxm31_FULL_FINAL_REAL\math_extensions\tests_math","test_math01_poly_deriv_arge.uxm",".uxm","135","3.05.2026 23:08:55"
"C:\Users\mete\Downloads\uxminima\uxm31_FULL_FINAL_REAL\math_extensions\tests_math\test_math02_poly_integral_arge.uxm","C:\Users\mete\Downloads\uxminima\uxm31_FULL_FINAL_REAL\math_extensions\tests_math","test_math02_poly_integral_arge.uxm",".uxm","154","3.05.2026 23:08:55"
"C:\Users\mete\Downloads\uxminima\uxm31_FULL_FINAL_REAL\math_extensions\tests_math\test_math03_poly_eval_arge.uxm","C:\Users\mete\Downloads\uxminima\uxm31_FULL_FINAL_REAL\math_extensions\tests_math","test_math03_poly_eval_arge.uxm",".uxm","143","3.05.2026 23:08:55"
"C:\Users\mete\Downloads\uxminima\uxm31_FULL_FINAL_REAL\math_extensions\tests_math\test_math04_expr_rpn_eval.uxm","C:\Users\mete\Downloads\uxminima\uxm31_FULL_FINAL_REAL\math_extensions\tests_math","test_math04_expr_rpn_eval.uxm",".uxm","178","3.05.2026 23:08:55"
"C:\Users\mete\Downloads\uxminima\uxm31_FULL_FINAL_REAL\math_extensions\tests_math\test_math05_num_deriv.uxm","C:\Users\mete\Downloads\uxminima\uxm31_FULL_FINAL_REAL\math_extensions\tests_math","test_math05_num_deriv.uxm",".uxm","153","3.05.2026 23:08:56"
"C:\Users\mete\Downloads\uxminima\uxm31_FULL_FINAL_REAL\math_extensions\tests_math\test_math06_integral_trap.uxm","C:\Users\mete\Downloads\uxminima\uxm31_FULL_FINAL_REAL\math_extensions\tests_math","test_math06_integral_trap.uxm",".uxm","192","3.05.2026 23:08:56"
"C:\Users\mete\Downloads\uxminima\uxm31_FULL_FINAL_REAL\math_extensions\tests_math\test_math07_integral_simpson.uxm","C:\Users\mete\Downloads\uxminima\uxm31_FULL_FINAL_REAL\math_extensions\tests_math","test_math07_integral_simpson.uxm",".uxm","197","3.05.2026 23:08:56"
"C:\Users\mete\Downloads\uxminima\uxm31_FULL_FINAL_REAL\runtime\uxm31_runtime_fb_full.bas","C:\Users\mete\Downloads\uxminima\uxm31_FULL_FINAL_REAL\runtime","uxm31_runtime_fb_full.bas",".bas","34271","3.05.2026 23:08:55"
"C:\Users\mete\Downloads\uxminima\uxm31_FULL_FINAL_REAL\tests\test01_print_A.uxm","C:\Users\mete\Downloads\uxminima\uxm31_FULL_FINAL_REAL\tests","test01_print_A.uxm",".uxm","31","3.05.2026 23:08:55"
"C:\Users\mete\Downloads\uxminima\uxm31_FULL_FINAL_REAL\tests\test02_string.uxm","C:\Users\mete\Downloads\uxminima\uxm31_FULL_FINAL_REAL\tests","test02_string.uxm",".uxm","108","3.05.2026 23:08:55"
"C:\Users\mete\Downloads\uxminima\uxm31_FULL_FINAL_REAL\tests\test03_addressing.uxm","C:\Users\mete\Downloads\uxminima\uxm31_FULL_FINAL_REAL\tests","test03_addressing.uxm",".uxm","72","3.05.2026 23:08:55"
"C:\Users\mete\Downloads\uxminima\uxm31_FULL_FINAL_REAL\tests\test04_stack_lifo.uxm","C:\Users\mete\Downloads\uxminima\uxm31_FULL_FINAL_REAL\tests","test04_stack_lifo.uxm",".uxm","54","3.05.2026 23:08:55"
"C:\Users\mete\Downloads\uxminima\uxm31_FULL_FINAL_REAL\tests\test05_meta_add.uxm","C:\Users\mete\Downloads\uxminima\uxm31_FULL_FINAL_REAL\tests","test05_meta_add.uxm",".uxm","46","3.05.2026 23:08:55"
"C:\Users\mete\Downloads\uxminima\uxm31_FULL_FINAL_REAL\tests\test06_dynamic_meta_mul.uxm","C:\Users\mete\Downloads\uxminima\uxm31_FULL_FINAL_REAL\tests","test06_dynamic_meta_mul.uxm",".uxm","50","3.05.2026 23:08:55"
"C:\Users\mete\Downloads\uxminima\uxm31_FULL_FINAL_REAL\tests\test07_macro.uxm","C:\Users\mete\Downloads\uxminima\uxm31_FULL_FINAL_REAL\tests","test07_macro.uxm",".uxm","25","3.05.2026 23:08:55"
"C:\Users\mete\Downloads\uxminima\uxm31_FULL_FINAL_REAL\tests\test08_newline.uxm","C:\Users\mete\Downloads\uxminima\uxm31_FULL_FINAL_REAL\tests","test08_newline.uxm",".uxm","53","3.05.2026 23:08:55"
"C:\Users\mete\Downloads\uxminima\uxm31_FULL_FINAL_REAL\tests\test09_div_mod.uxm","C:\Users\mete\Downloads\uxminima\uxm31_FULL_FINAL_REAL\tests","test09_div_mod.uxm",".uxm","84","3.05.2026 23:08:55"
"C:\Users\mete\Downloads\uxminima\uxm31_FULL_FINAL_REAL\tests\test10_sin_scaled.uxm","C:\Users\mete\Downloads\uxminima\uxm31_FULL_FINAL_REAL\tests","test10_sin_scaled.uxm",".uxm","33","3.05.2026 23:08:55"
"C:\Users\mete\Downloads\uxminima\uxm31_FULL_FINAL_REAL\tests\test11_hypotenuse.uxm","C:\Users\mete\Downloads\uxminima\uxm31_FULL_FINAL_REAL\tests","test11_hypotenuse.uxm",".uxm","34","3.05.2026 23:08:55"
"C:\Users\mete\Downloads\uxminima\uxm31_FULL_FINAL_REAL\tests\test12_signed_mode.uxm","C:\Users\mete\Downloads\uxminima\uxm31_FULL_FINAL_REAL\tests","test12_signed_mode.uxm",".uxm","48","3.05.2026 23:08:55"
"C:\Users\mete\Downloads\uxminima\uxm31_FULL_FINAL_REAL\tests\test13_status_div_zero.uxm","C:\Users\mete\Downloads\uxminima\uxm31_FULL_FINAL_REAL\tests","test13_status_div_zero.uxm",".uxm","103","3.05.2026 23:08:55"
"C:\Users\mete\Downloads\uxminima\uxm31_FULL_FINAL_REAL\tests\test14_branch_current_zero.uxm","C:\Users\mete\Downloads\uxminima\uxm31_FULL_FINAL_REAL\tests","test14_branch_current_zero.uxm",".uxm","29","3.05.2026 23:08:55"
"C:\Users\mete\Downloads\uxminima\uxm31_FULL_FINAL_REAL\tests\test15_branch_nonzero.uxm","C:\Users\mete\Downloads\uxminima\uxm31_FULL_FINAL_REAL\tests","test15_branch_nonzero.uxm",".uxm","33","3.05.2026 23:08:55"
"C:\Users\mete\Downloads\uxminima\uxm31_FULL_FINAL_REAL\tests\test16_data_digit.uxm","C:\Users\mete\Downloads\uxminima\uxm31_FULL_FINAL_REAL\tests","test16_data_digit.uxm",".uxm","38","3.05.2026 23:08:55"
"C:\Users\mete\Downloads\uxminima\uxm31_FULL_FINAL_REAL\tests\test17_endian_word_split.uxm","C:\Users\mete\Downloads\uxminima\uxm31_FULL_FINAL_REAL\tests","test17_endian_word_split.uxm",".uxm","28","3.05.2026 23:08:55"
"C:\Users\mete\Downloads\uxminima\uxm31_FULL_FINAL_REAL\tests\test18_pointer_service.uxm","C:\Users\mete\Downloads\uxminima\uxm31_FULL_FINAL_REAL\tests","test18_pointer_service.uxm",".uxm","27","3.05.2026 23:08:55"
"C:\Users\mete\Downloads\uxminima\uxm31_FULL_FINAL_REAL\tests\test20_fifo_char_order.uxm","C:\Users\mete\Downloads\uxminima\uxm31_FULL_FINAL_REAL\tests","test20_fifo_char_order.uxm",".uxm","126","3.05.2026 23:08:55"
"C:\Users\mete\Downloads\uxminima\uxm31_FULL_FINAL_REAL\tests\test21_fifo_count_peek.uxm","C:\Users\mete\Downloads\uxminima\uxm31_FULL_FINAL_REAL\tests","test21_fifo_count_peek.uxm",".uxm","119","3.05.2026 23:08:55"
"C:\Users\mete\Downloads\uxminima\uxm31_FULL_FINAL_REAL\tests\test22_data_write_read_char.uxm","C:\Users\mete\Downloads\uxminima\uxm31_FULL_FINAL_REAL\tests","test22_data_write_read_char.uxm",".uxm","110","3.05.2026 23:08:55"
"C:\Users\mete\Downloads\uxminima\uxm31_FULL_FINAL_REAL\tests\test23_data_digit_ascii_to_number.uxm","C:\Users\mete\Downloads\uxminima\uxm31_FULL_FINAL_REAL\tests","test23_data_digit_ascii_to_number.uxm",".uxm","114","3.05.2026 23:08:55"
"C:\Users\mete\Downloads\uxminima\uxm31_FULL_FINAL_REAL\tests\test24_data_block_copy_print.uxm","C:\Users\mete\Downloads\uxminima\uxm31_FULL_FINAL_REAL\tests","test24_data_block_copy_print.uxm",".uxm","232","3.05.2026 23:08:55"
"C:\Users\mete\Downloads\uxminima\uxm31_FULL_FINAL_REAL\tests\test25_data_sort_ascending.uxm","C:\Users\mete\Downloads\uxminima\uxm31_FULL_FINAL_REAL\tests","test25_data_sort_ascending.uxm",".uxm","230","3.05.2026 23:08:55"
"C:\Users\mete\Downloads\uxminima\uxm31_FULL_FINAL_REAL\tests\test26_tape_sort_descending_chars.uxm","C:\Users\mete\Downloads\uxminima\uxm31_FULL_FINAL_REAL\tests","test26_tape_sort_descending_chars.uxm",".uxm","151","3.05.2026 23:08:55"
"C:\Users\mete\Downloads\uxminima\uxm31_FULL_FINAL_REAL\tests\test27_tape_linear_search.uxm","C:\Users\mete\Downloads\uxminima\uxm31_FULL_FINAL_REAL\tests","test27_tape_linear_search.uxm",".uxm","131","3.05.2026 23:08:55"
"C:\Users\mete\Downloads\uxminima\uxm31_FULL_FINAL_REAL\tests\test28_dynamic_meta_fifo.uxm","C:\Users\mete\Downloads\uxminima\uxm31_FULL_FINAL_REAL\tests","test28_dynamic_meta_fifo.uxm",".uxm","110","3.05.2026 23:08:55"
"C:\Users\mete\Downloads\uxminima\uxm31_FULL_FINAL_REAL\tests\test29_nested_macro_call.uxm","C:\Users\mete\Downloads\uxminima\uxm31_FULL_FINAL_REAL\tests","test29_nested_macro_call.uxm",".uxm","97","3.05.2026 23:08:55"
"C:\Users\mete\Downloads\uxminima\uxm31_FULL_FINAL_REAL\tests\test30_word_mode_add.uxm","C:\Users\mete\Downloads\uxminima\uxm31_FULL_FINAL_REAL\tests","test30_word_mode_add.uxm",".uxm","106","3.05.2026 23:08:55"
"C:\Users\mete\Downloads\uxminima\uxm31_FULL_FINAL_REAL\tests\test31_safe_mode_wild_denied.uxm","C:\Users\mete\Downloads\uxminima\uxm31_FULL_FINAL_REAL\tests","test31_safe_mode_wild_denied.uxm",".uxm","148","3.05.2026 23:08:55"
"C:\Users\mete\Downloads\uxminima\uxm31_FULL_FINAL_REAL\tests\test32_wild_layout_change.uxm","C:\Users\mete\Downloads\uxminima\uxm31_FULL_FINAL_REAL\tests","test32_wild_layout_change.uxm",".uxm","129","3.05.2026 23:08:55"
"C:\Users\mete\Downloads\uxminima\uxm31_FULL_FINAL_REAL\tests\test33_bitwise_and_stack.uxm","C:\Users\mete\Downloads\uxminima\uxm31_FULL_FINAL_REAL\tests","test33_bitwise_and_stack.uxm",".uxm","100","3.05.2026 23:08:55"
"C:\Users\mete\Downloads\uxminima\uxm31_FULL_FINAL_REAL\tests\test34_data_block_clear.uxm","C:\Users\mete\Downloads\uxminima\uxm31_FULL_FINAL_REAL\tests","test34_data_block_clear.uxm",".uxm","159","3.05.2026 23:08:55"
"C:\Users\mete\Downloads\uxminima\uxm31_FULL_FINAL_REAL\tests\test35_optimizer_visible_result.uxm","C:\Users\mete\Downloads\uxminima\uxm31_FULL_FINAL_REAL\tests","test35_optimizer_visible_result.uxm",".uxm","91","3.05.2026 23:08:55"
"C:\Users\mete\Downloads\uxminima\uxm31_FULL_FINAL_REAL\tests\UX-MINIMA x64 V3.1 Tasar#U0131m Belgesi.md","C:\Users\mete\Downloads\uxminima\uxm31_FULL_FINAL_REAL\tests","UX-MINIMA x64 V3.1 Tasar#U0131m Belgesi.md",".md","191889","3.05.2026 23:08:55"
"C:\Users\mete\Downloads\uxminima\uxm31_FULL_FINAL_REAL\tools\uxm31_full_tool_fb.bas","C:\Users\mete\Downloads\uxminima\uxm31_FULL_FINAL_REAL\tools","uxm31_full_tool_fb.bas",".bas","57331","3.05.2026 23:08:55"
"C:\Users\mete\Downloads\uxminima\uxm31_FULL_FINAL_REAL\UX-FP V1\Decimal_FP_Sistemi.md","C:\Users\mete\Downloads\uxminima\uxm31_FULL_FINAL_REAL\UX-FP V1","Decimal_FP_Sistemi.md",".md","18135","3.05.2026 23:08:54"
"C:\Users\mete\Downloads\uxminima\uxm31_FULL_FINAL_REAL\uxm_V3.1_Full_Final\yeni tasarim eksiklikler.md","C:\Users\mete\Downloads\uxminima\uxm31_FULL_FINAL_REAL\uxm_V3.1_Full_Final","yeni tasarim eksiklikler.md",".md","59673","3.05.2026 23:08:55"
"C:\Users\mete\Downloads\uxminima\uxm_V3.1_Full_Final\benioku.txt.txt","C:\Users\mete\Downloads\uxminima\uxm_V3.1_Full_Final","benioku.txt.txt",".txt","156","3.05.2026 23:16:23"
"C:\Users\mete\Downloads\uxminima\uxm_V3.1_Full_Final\yeni tasarim eksiklikler.md","C:\Users\mete\Downloads\uxminima\uxm_V3.1_Full_Final","yeni tasarim eksiklikler.md",".md","0","3.05.2026 22:11:53"
"C:\Users\mete\Downloads\uxminima\uxm_V3.1_Full_Final\.vscode\launch.json","C:\Users\mete\Downloads\uxminima\uxm_V3.1_Full_Final\.vscode","launch.json",".json","256","3.05.2026 22:34:38"
"C:\Users\mete\Downloads\uxminima\uxm_V3.1_Full_Final\.vscode\tasks.json","C:\Users\mete\Downloads\uxminima\uxm_V3.1_Full_Final\.vscode","tasks.json",".json","2320","3.05.2026 22:34:38"
"C:\Users\mete\Downloads\uxminima\uxm_V3.1_Full_Final\uxm31_final_project\build_final.bat","C:\Users\mete\Downloads\uxminima\uxm_V3.1_Full_Final\uxm31_final_project","build_final.bat",".bat","386","3.05.2026 22:17:30"
"C:\Users\mete\Downloads\uxminima\uxm_V3.1_Full_Final\uxm31_final_project\uxm31_compiler_final.bas","C:\Users\mete\Downloads\uxminima\uxm_V3.1_Full_Final\uxm31_final_project","uxm31_compiler_final.bas",".bas","64466","3.05.2026 22:17:30"
"C:\Users\mete\Downloads\uxminima\uxm_V3.1_Full_Final\uxm31_final_project\docs\UXM31_FINAL_ARGE_COMPILER.md","C:\Users\mete\Downloads\uxminima\uxm_V3.1_Full_Final\uxm31_final_project\docs","UXM31_FINAL_ARGE_COMPILER.md",".md","1257","3.05.2026 22:17:30"
"C:\Users\mete\Downloads\uxminima\uxm_V3.1_Full_Final\uxm31_final_project\examples\dynamic_data_address.uxm","C:\Users\mete\Downloads\uxminima\uxm_V3.1_Full_Final\uxm31_final_project\examples","dynamic_data_address.uxm",".uxm","70","3.05.2026 22:17:30"
"C:\Users\mete\Downloads\uxminima\uxm_V3.1_Full_Final\uxm31_final_project\examples\final_probe.uxm","C:\Users\mete\Downloads\uxminima\uxm_V3.1_Full_Final\uxm31_final_project\examples","final_probe.uxm",".uxm","134","3.05.2026 22:17:30"
"C:\Users\mete\Downloads\uxminima\uxm_x64\uxm_x64 v1\pck.md","C:\Users\mete\Downloads\uxminima\uxm_x64\uxm_x64 v1","pck.md",".md","97360","3.05.2026 06:39:56"
"C:\Users\mete\Downloads\uxminima\uxm_x64\uxm_x64 v1\uxm_x64 v1.md","C:\Users\mete\Downloads\uxminima\uxm_x64\uxm_x64 v1","uxm_x64 v1.md",".md","4570","3.05.2026 06:39:56"
"C:\Users\mete\Downloads\uxminima\uxm_x64\uxm_x64 v1\uxm64_runtime.bas","C:\Users\mete\Downloads\uxminima\uxm_x64\uxm_x64 v1","uxm64_runtime.bas",".bas","2834","2.05.2026 23:24:57"
"C:\Users\mete\Downloads\uxminima\uxm_x64\uxm_x64 v1\uxm64_v3_data_driven_qb64.bas","C:\Users\mete\Downloads\uxminima\uxm_x64\uxm_x64 v1","uxm64_v3_data_driven_qb64.bas",".bas","52452","2.05.2026 23:23:24"
"C:\Users\mete\Downloads\uxminima\uxm_x64\uxm_x64 v1\uxm64_v3.bas","C:\Users\mete\Downloads\uxminima\uxm_x64\uxm_x64 v1","uxm64_v3.bas",".bas","52452","2.05.2026 23:23:24"
"C:\Users\mete\Downloads\uxminima\ux_minima_x64_v31_fb\build_all.bat","C:\Users\mete\Downloads\uxminima\ux_minima_x64_v31_fb","build_all.bat",".bat","412","3.05.2026 06:39:56"
"C:\Users\mete\Downloads\uxminima\ux_minima_x64_v31_fb\build_one.bat","C:\Users\mete\Downloads\uxminima\ux_minima_x64_v31_fb","build_one.bat",".bat","796","3.05.2026 06:39:56"
"C:\Users\mete\Downloads\uxminima\ux_minima_x64_v31_fb\gercek_durum.md","C:\Users\mete\Downloads\uxminima\ux_minima_x64_v31_fb","gercek_durum.md",".md","1207","3.05.2026 22:37:42"
"C:\Users\mete\Downloads\uxminima\ux_minima_x64_v31_fb\run_tests.bat","C:\Users\mete\Downloads\uxminima\ux_minima_x64_v31_fb","run_tests.bat",".bat","370","3.05.2026 06:39:56"
"C:\Users\mete\Downloads\uxminima\ux_minima_x64_v31_fb\ux_minima_full v31.md","C:\Users\mete\Downloads\uxminima\ux_minima_x64_v31_fb","ux_minima_full v31.md",".md","155210","3.05.2026 22:37:42"
"C:\Users\mete\Downloads\uxminima\ux_minima_x64_v31_fb\ux_minima_IDE_vscode.md","C:\Users\mete\Downloads\uxminima\ux_minima_x64_v31_fb","ux_minima_IDE_vscode.md",".md","10400","3.05.2026 22:37:42"
"C:\Users\mete\Downloads\uxminima\ux_minima_x64_v31_fb\uX_Minima_Kullanim Klavuzu.md","C:\Users\mete\Downloads\uxminima\ux_minima_x64_v31_fb","uX_Minima_Kullanim Klavuzu.md",".md","26911","3.05.2026 22:37:42"
"C:\Users\mete\Downloads\uxminima\ux_minima_x64_v31_fb\ux_minimax_ide_tasarimi_dusuncesi.md","C:\Users\mete\Downloads\uxminima\ux_minima_x64_v31_fb","ux_minimax_ide_tasarimi_dusuncesi.md",".md","11057","3.05.2026 22:37:42"
"C:\Users\mete\Downloads\uxminima\ux_minima_x64_v31_fb\uxm31_compiler_fb.bas","C:\Users\mete\Downloads\uxminima\ux_minima_x64_v31_fb","uxm31_compiler_fb.bas",".bas","55825","3.05.2026 06:39:56"
"C:\Users\mete\Downloads\uxminima\ux_minima_x64_v31_fb\uxm31_compiler_fb.clean.bas","C:\Users\mete\Downloads\uxminima\ux_minima_x64_v31_fb","uxm31_compiler_fb.clean.bas",".bas","55175","3.05.2026 19:40:09"
"C:\Users\mete\Downloads\uxminima\ux_minima_x64_v31_fb\uxm31_full_tool_fb_2.bas","C:\Users\mete\Downloads\uxminima\ux_minima_x64_v31_fb","uxm31_full_tool_fb_2.bas",".bas","59120","3.05.2026 14:44:15"
"C:\Users\mete\Downloads\uxminima\ux_minima_x64_v31_fb\uxm31_full_tool_fb.bas","C:\Users\mete\Downloads\uxminima\ux_minima_x64_v31_fb","uxm31_full_tool_fb.bas",".bas","57331","3.05.2026 14:44:15"
"C:\Users\mete\Downloads\uxminima\ux_minima_x64_v31_fb\uxm31_runtime_fb_full.bas","C:\Users\mete\Downloads\uxminima\ux_minima_x64_v31_fb","uxm31_runtime_fb_full.bas",".bas","34271","3.05.2026 14:44:15"
"C:\Users\mete\Downloads\uxminima\ux_minima_x64_v31_fb\uxm31_runtime_fb.bas","C:\Users\mete\Downloads\uxminima\ux_minima_x64_v31_fb","uxm31_runtime_fb.bas",".bas","29726","3.05.2026 06:39:56"
"C:\Users\mete\Downloads\uxminima\ux_minima_x64_v31_fb\ide\uxminima-vscode\ide_okubeni.md","C:\Users\mete\Downloads\uxminima\ux_minima_x64_v31_fb\ide\uxminima-vscode","ide_okubeni.md",".md","2211","3.05.2026 22:37:42"
"C:\Users\mete\Downloads\uxminima\ux_minima_x64_v31_fb\ide\uxminima-vscode\language-configuration.json","C:\Users\mete\Downloads\uxminima\ux_minima_x64_v31_fb\ide\uxminima-vscode","language-configuration.json",".json","408","3.05.2026 21:34:13"
"C:\Users\mete\Downloads\uxminima\ux_minima_x64_v31_fb\ide\uxminima-vscode\package.json","C:\Users\mete\Downloads\uxminima\ux_minima_x64_v31_fb\ide\uxminima-vscode","package.json",".json","3886","3.05.2026 21:34:13"
"C:\Users\mete\Downloads\uxminima\ux_minima_x64_v31_fb\ide\uxminima-vscode\README.md","C:\Users\mete\Downloads\uxminima\ux_minima_x64_v31_fb\ide\uxminima-vscode","README.md",".md","1012","3.05.2026 21:34:13"
"C:\Users\mete\Downloads\uxminima\ux_minima_x64_v31_fb\ide\uxminima-vscode\tsconfig.json","C:\Users\mete\Downloads\uxminima\ux_minima_x64_v31_fb\ide\uxminima-vscode","tsconfig.json",".json","291","3.05.2026 21:34:13"
"C:\Users\mete\Downloads\uxminima\ux_minima_x64_v31_fb\ide\uxminima-vscode\.github\copilot-instructions.md","C:\Users\mete\Downloads\uxminima\ux_minima_x64_v31_fb\ide\uxminima-vscode\.github","copilot-instructions.md",".md","1347","3.05.2026 21:34:13"
"C:\Users\mete\Downloads\uxminima\ux_minima_x64_v31_fb\ide\uxminima-vscode\.vscode\launch.json","C:\Users\mete\Downloads\uxminima\ux_minima_x64_v31_fb\ide\uxminima-vscode\.vscode","launch.json",".json","310","3.05.2026 21:34:13"
"C:\Users\mete\Downloads\uxminima\ux_minima_x64_v31_fb\ide\uxminima-vscode\.vscode\tasks.json","C:\Users\mete\Downloads\uxminima\ux_minima_x64_v31_fb\ide\uxminima-vscode\.vscode","tasks.json",".json","282","3.05.2026 21:34:13"
"C:\Users\mete\Downloads\uxminima\ux_minima_x64_v31_fb\ide\uxminima-vscode\docs\UXM_EXAMPLES.md","C:\Users\mete\Downloads\uxminima\ux_minima_x64_v31_fb\ide\uxminima-vscode\docs","UXM_EXAMPLES.md",".md","241","3.05.2026 21:34:13"
"C:\Users\mete\Downloads\uxminima\ux_minima_x64_v31_fb\ide\uxminima-vscode\docs\UXM_IDE_PROTOCOL.md","C:\Users\mete\Downloads\uxminima\ux_minima_x64_v31_fb\ide\uxminima-vscode\docs","UXM_IDE_PROTOCOL.md",".md","514","3.05.2026 21:34:13"
"C:\Users\mete\Downloads\uxminima\ux_minima_x64_v31_fb\ide\uxminima-vscode\docs\UXM_LANGUAGE_SPEC.md","C:\Users\mete\Downloads\uxminima\ux_minima_x64_v31_fb\ide\uxminima-vscode\docs","UXM_LANGUAGE_SPEC.md",".md","933","3.05.2026 21:34:13"
"C:\Users\mete\Downloads\uxminima\ux_minima_x64_v31_fb\ide\uxminima-vscode\docs\UXM_MEMORY_MODEL.md","C:\Users\mete\Downloads\uxminima\ux_minima_x64_v31_fb\ide\uxminima-vscode\docs","UXM_MEMORY_MODEL.md",".md","472","3.05.2026 21:34:13"
"C:\Users\mete\Downloads\uxminima\ux_minima_x64_v31_fb\ide\uxminima-vscode\docs\UXM_META_SERVICES.md","C:\Users\mete\Downloads\uxminima\ux_minima_x64_v31_fb\ide\uxminima-vscode\docs","UXM_META_SERVICES.md",".md","819","3.05.2026 21:34:13"
"C:\Users\mete\Downloads\uxminima\ux_minima_x64_v31_fb\ide\uxminima-vscode\docs\UXM_TRACE_FORMAT.md","C:\Users\mete\Downloads\uxminima\ux_minima_x64_v31_fb\ide\uxminima-vscode\docs","UXM_TRACE_FORMAT.md",".md","548","3.05.2026 21:34:13"
"C:\Users\mete\Downloads\uxminima\ux_minima_x64_v31_fb\ide\uxminima-vscode\examples\data_sort.uxm","C:\Users\mete\Downloads\uxminima\ux_minima_x64_v31_fb\ide\uxminima-vscode\examples","data_sort.uxm",".uxm","206","3.05.2026 21:34:13"
"C:\Users\mete\Downloads\uxminima\ux_minima_x64_v31_fb\ide\uxminima-vscode\examples\fifo_watch.uxm","C:\Users\mete\Downloads\uxminima\ux_minima_x64_v31_fb\ide\uxminima-vscode\examples","fifo_watch.uxm",".uxm","101","3.05.2026 21:34:13"
"C:\Users\mete\Downloads\uxminima\ux_minima_x64_v31_fb\ide\uxminima-vscode\snippets\uxm.code-snippets","C:\Users\mete\Downloads\uxminima\ux_minima_x64_v31_fb\ide\uxminima-vscode\snippets","uxm.code-snippets",".code-snippets","1007","3.05.2026 21:34:13"
"C:\Users\mete\Downloads\uxminima\ux_minima_x64_v31_fb\ide\uxminima-vscode\src\diagnostics.ts","C:\Users\mete\Downloads\uxminima\ux_minima_x64_v31_fb\ide\uxminima-vscode\src","diagnostics.ts",".ts","4859","3.05.2026 21:34:13"
"C:\Users\mete\Downloads\uxminima\ux_minima_x64_v31_fb\ide\uxminima-vscode\src\extension.ts","C:\Users\mete\Downloads\uxminima\ux_minima_x64_v31_fb\ide\uxminima-vscode\src","extension.ts",".ts","6481","3.05.2026 21:34:13"
"C:\Users\mete\Downloads\uxminima\ux_minima_x64_v31_fb\ide\uxminima-vscode\src\metaServices.ts","C:\Users\mete\Downloads\uxminima\ux_minima_x64_v31_fb\ide\uxminima-vscode\src","metaServices.ts",".ts","6209","3.05.2026 21:34:13"
"C:\Users\mete\Downloads\uxminima\ux_minima_x64_v31_fb\ide\uxminima-vscode\src\toolchain.ts","C:\Users\mete\Downloads\uxminima\ux_minima_x64_v31_fb\ide\uxminima-vscode\src","toolchain.ts",".ts","4294","3.05.2026 21:34:13"
"C:\Users\mete\Downloads\uxminima\ux_minima_x64_v31_fb\ide\uxminima-vscode\src\traceReader.ts","C:\Users\mete\Downloads\uxminima\ux_minima_x64_v31_fb\ide\uxminima-vscode\src","traceReader.ts",".ts","1500","3.05.2026 21:34:13"
"C:\Users\mete\Downloads\uxminima\ux_minima_x64_v31_fb\ide\uxminima-vscode\src\uxmInterpreter.ts","C:\Users\mete\Downloads\uxminima\ux_minima_x64_v31_fb\ide\uxminima-vscode\src","uxmInterpreter.ts",".ts","23477","3.05.2026 21:34:13"
"C:\Users\mete\Downloads\uxminima\ux_minima_x64_v31_fb\ide\uxminima-vscode\src\views\memoryView.ts","C:\Users\mete\Downloads\uxminima\ux_minima_x64_v31_fb\ide\uxminima-vscode\src\views","memoryView.ts",".ts","6803","3.05.2026 21:34:13"
"C:\Users\mete\Downloads\uxminima\ux_minima_x64_v31_fb\ide\uxminima-vscode\syntaxes\uxm.tmLanguage.json","C:\Users\mete\Downloads\uxminima\ux_minima_x64_v31_fb\ide\uxminima-vscode\syntaxes","uxm.tmLanguage.json",".json","2546","3.05.2026 21:34:13"
"C:\Users\mete\Downloads\uxminima\ux_minima_x64_v31_fb\ide\uxminima-vscode\tools\README_TOOLCHAIN.md","C:\Users\mete\Downloads\uxminima\ux_minima_x64_v31_fb\ide\uxminima-vscode\tools","README_TOOLCHAIN.md",".md","342","3.05.2026 21:34:13"
"C:\Users\mete\Downloads\uxminima\ux_minima_x64_v31_fb\tests\test01_print_A.uxm","C:\Users\mete\Downloads\uxminima\ux_minima_x64_v31_fb\tests","test01_print_A.uxm",".uxm","31","3.05.2026 14:44:15"
"C:\Users\mete\Downloads\uxminima\ux_minima_x64_v31_fb\tests\test02_string.uxm","C:\Users\mete\Downloads\uxminima\ux_minima_x64_v31_fb\tests","test02_string.uxm",".uxm","108","3.05.2026 06:39:56"
"C:\Users\mete\Downloads\uxminima\ux_minima_x64_v31_fb\tests\test03_addressing.uxm","C:\Users\mete\Downloads\uxminima\ux_minima_x64_v31_fb\tests","test03_addressing.uxm",".uxm","72","3.05.2026 06:39:56"
"C:\Users\mete\Downloads\uxminima\ux_minima_x64_v31_fb\tests\test04_stack_lifo.uxm","C:\Users\mete\Downloads\uxminima\ux_minima_x64_v31_fb\tests","test04_stack_lifo.uxm",".uxm","54","3.05.2026 06:39:56"
"C:\Users\mete\Downloads\uxminima\ux_minima_x64_v31_fb\tests\test05_meta_add.uxm","C:\Users\mete\Downloads\uxminima\ux_minima_x64_v31_fb\tests","test05_meta_add.uxm",".uxm","46","3.05.2026 22:37:42"
"C:\Users\mete\Downloads\uxminima\ux_minima_x64_v31_fb\tests\test06_dynamic_meta_mul.uxm","C:\Users\mete\Downloads\uxminima\ux_minima_x64_v31_fb\tests","test06_dynamic_meta_mul.uxm",".uxm","50","3.05.2026 06:39:56"
"C:\Users\mete\Downloads\uxminima\ux_minima_x64_v31_fb\tests\test07_macro.uxm","C:\Users\mete\Downloads\uxminima\ux_minima_x64_v31_fb\tests","test07_macro.uxm",".uxm","25","3.05.2026 06:39:56"
"C:\Users\mete\Downloads\uxminima\ux_minima_x64_v31_fb\tests\test08_newline.uxm","C:\Users\mete\Downloads\uxminima\ux_minima_x64_v31_fb\tests","test08_newline.uxm",".uxm","53","3.05.2026 14:44:15"
"C:\Users\mete\Downloads\uxminima\ux_minima_x64_v31_fb\tests\test09_div_mod.uxm","C:\Users\mete\Downloads\uxminima\ux_minima_x64_v31_fb\tests","test09_div_mod.uxm",".uxm","84","3.05.2026 14:44:15"
"C:\Users\mete\Downloads\uxminima\ux_minima_x64_v31_fb\tests\test10_sin_scaled.uxm","C:\Users\mete\Downloads\uxminima\ux_minima_x64_v31_fb\tests","test10_sin_scaled.uxm",".uxm","33","3.05.2026 14:44:15"
"C:\Users\mete\Downloads\uxminima\ux_minima_x64_v31_fb\tests\test11_hypotenuse.uxm","C:\Users\mete\Downloads\uxminima\ux_minima_x64_v31_fb\tests","test11_hypotenuse.uxm",".uxm","34","3.05.2026 14:44:15"
"C:\Users\mete\Downloads\uxminima\ux_minima_x64_v31_fb\tests\test12_signed_mode.uxm","C:\Users\mete\Downloads\uxminima\ux_minima_x64_v31_fb\tests","test12_signed_mode.uxm",".uxm","48","3.05.2026 22:37:42"
"C:\Users\mete\Downloads\uxminima\ux_minima_x64_v31_fb\tests\test13_status_div_zero.uxm","C:\Users\mete\Downloads\uxminima\ux_minima_x64_v31_fb\tests","test13_status_div_zero.uxm",".uxm","103","3.05.2026 22:37:42"
"C:\Users\mete\Downloads\uxminima\ux_minima_x64_v31_fb\tests\test14_branch_current_zero.uxm","C:\Users\mete\Downloads\uxminima\ux_minima_x64_v31_fb\tests","test14_branch_current_zero.uxm",".uxm","29","3.05.2026 22:37:42"
"C:\Users\mete\Downloads\uxminima\ux_minima_x64_v31_fb\tests\test15_branch_nonzero.uxm","C:\Users\mete\Downloads\uxminima\ux_minima_x64_v31_fb\tests","test15_branch_nonzero.uxm",".uxm","33","3.05.2026 22:37:42"
"C:\Users\mete\Downloads\uxminima\ux_minima_x64_v31_fb\tests\test16_data_digit.uxm","C:\Users\mete\Downloads\uxminima\ux_minima_x64_v31_fb\tests","test16_data_digit.uxm",".uxm","38","3.05.2026 22:37:42"
"C:\Users\mete\Downloads\uxminima\ux_minima_x64_v31_fb\tests\test17_endian_word_split.uxm","C:\Users\mete\Downloads\uxminima\ux_minima_x64_v31_fb\tests","test17_endian_word_split.uxm",".uxm","28","3.05.2026 22:37:42"
"C:\Users\mete\Downloads\uxminima\ux_minima_x64_v31_fb\tests\test18_pointer_service.uxm","C:\Users\mete\Downloads\uxminima\ux_minima_x64_v31_fb\tests","test18_pointer_service.uxm",".uxm","27","3.05.2026 22:37:42"
"C:\Users\mete\Downloads\uxminima\ux_minima_x64_v31_fb\tests\UX-MINIMA x64 V3.1 Tasarım Belgesi.md","C:\Users\mete\Downloads\uxminima\ux_minima_x64_v31_fb\tests","UX-MINIMA x64 V3.1 Tasarım Belgesi.md",".md","191889","3.05.2026 14:46:15"
"C:\Users\mete\Downloads\uxminima\ux_minima_x64_v31_fb\UX-FP V1\Decimal_FP_Sistemi.md","C:\Users\mete\Downloads\uxminima\ux_minima_x64_v31_fb\UX-FP V1","Decimal_FP_Sistemi.md",".md","18135","3.05.2026 21:40:46"
"C:\Users\mete\Downloads\uxminima\ux_minima_x64_v31_full\build_clean_depr_log.txt","C:\Users\mete\Downloads\uxminima\ux_minima_x64_v31_full","build_clean_depr_log.txt",".txt","1880","3.05.2026 22:24:11"
"C:\Users\mete\Downloads\uxminima\ux_minima_x64_v31_full\build_clean_log.txt","C:\Users\mete\Downloads\uxminima\ux_minima_x64_v31_full","build_clean_log.txt",".txt","1396","3.05.2026 22:23:10"
"C:\Users\mete\Downloads\uxminima\ux_minima_x64_v31_full\build_compiler_now.txt","C:\Users\mete\Downloads\uxminima\ux_minima_x64_v31_full","build_compiler_now.txt",".txt","1814","3.05.2026 23:25:38"
"C:\Users\mete\Downloads\uxminima\ux_minima_x64_v31_full\build_log.txt","C:\Users\mete\Downloads\uxminima\ux_minima_x64_v31_full","build_log.txt",".txt","1396","3.05.2026 22:20:57"
"C:\Users\mete\Downloads\uxminima\ux_minima_x64_v31_full\build_tool_log.txt","C:\Users\mete\Downloads\uxminima\ux_minima_x64_v31_full","build_tool_log.txt",".txt","967","3.05.2026 22:55:01"
"C:\Users\mete\Downloads\uxminima\ux_minima_x64_v31_full\build_tool_log2.txt","C:\Users\mete\Downloads\uxminima\ux_minima_x64_v31_full","build_tool_log2.txt",".txt","1952","3.05.2026 22:56:42"
"C:\Users\mete\Downloads\uxminima\ux_minima_x64_v31_full\build_tool_log3.txt","C:\Users\mete\Downloads\uxminima\ux_minima_x64_v31_full","build_tool_log3.txt",".txt","2169","3.05.2026 23:02:16"
"C:\Users\mete\Downloads\uxminima\ux_minima_x64_v31_full\build_tool_log4.txt","C:\Users\mete\Downloads\uxminima\ux_minima_x64_v31_full","build_tool_log4.txt",".txt","1611","3.05.2026 23:03:51"
"C:\Users\mete\Downloads\uxminima\ux_minima_x64_v31_full\build_tool_log5.txt","C:\Users\mete\Downloads\uxminima\ux_minima_x64_v31_full","build_tool_log5.txt",".txt","1898","3.05.2026 23:06:24"
"C:\Users\mete\Downloads\uxminima\ux_minima_x64_v31_full\build_tool_log6.txt","C:\Users\mete\Downloads\uxminima\ux_minima_x64_v31_full","build_tool_log6.txt",".txt","1375","3.05.2026 23:07:58"
"C:\Users\mete\Downloads\uxminima\ux_minima_x64_v31_full\build_tool_log7.txt","C:\Users\mete\Downloads\uxminima\ux_minima_x64_v31_full","build_tool_log7.txt",".txt","1952","3.05.2026 23:20:19"
"C:\Users\mete\Downloads\uxminima\ux_minima_x64_v31_full\build_tool_now.txt","C:\Users\mete\Downloads\uxminima\ux_minima_x64_v31_full","build_tool_now.txt",".txt","1952","3.05.2026 23:25:38"
"C:\Users\mete\Downloads\uxminima\ux_minima_x64_v31_full\build2_log.txt","C:\Users\mete\Downloads\uxminima\ux_minima_x64_v31_full","build2_log.txt",".txt","1554","3.05.2026 22:21:54"
"C:\Users\mete\Downloads\uxminima\ux_minima_x64_v31_full\build3_log.txt","C:\Users\mete\Downloads\uxminima\ux_minima_x64_v31_full","build3_log.txt",".txt","1814","3.05.2026 22:52:26"
"C:\Users\mete\Downloads\uxminima\ux_minima_x64_v31_full\temp_lines.txt","C:\Users\mete\Downloads\uxminima\ux_minima_x64_v31_full","temp_lines.txt",".txt","56679","3.05.2026 22:54:36"
"C:\Users\mete\Downloads\uxminima\ux_minima_x64_v31_full\ux_minima_full v31.md","C:\Users\mete\Downloads\uxminima\ux_minima_x64_v31_full","ux_minima_full v31.md",".md","0","3.05.2026 19:35:41"
"C:\Users\mete\Downloads\uxminima\ux_minima_x64_v31_full\ux_minima_IDE_vscode.md","C:\Users\mete\Downloads\uxminima\ux_minima_x64_v31_full","ux_minima_IDE_vscode.md",".md","0","3.05.2026 21:32:36"
"C:\Users\mete\Downloads\uxminima\ux_minima_x64_v31_full\uX_Minima_Kullanim Klavuzu.md","C:\Users\mete\Downloads\uxminima\ux_minima_x64_v31_full","uX_Minima_Kullanim Klavuzu.md",".md","0","3.05.2026 21:22:54"
"C:\Users\mete\Downloads\uxminima\ux_minima_x64_v31_full\ux_minimax_ide_tasarimi_dusuncesi.md","C:\Users\mete\Downloads\uxminima\ux_minima_x64_v31_full","ux_minimax_ide_tasarimi_dusuncesi.md",".md","0","3.05.2026 21:31:02"
"C:\Users\mete\Downloads\uxminima\ux_minima_x64_v31_full\uxm31_full_tool_fb_2.bas","C:\Users\mete\Downloads\uxminima\ux_minima_x64_v31_full","uxm31_full_tool_fb_2.bas",".bas","57947","3.05.2026 22:56:25"
"C:\Users\mete\Downloads\uxminima\ux_minima_x64_v31_full\uxm31_runtime_fb_full.bas","C:\Users\mete\Downloads\uxminima\ux_minima_x64_v31_full","uxm31_runtime_fb_full.bas",".bas","33089","3.05.2026 22:56:25"
"C:\Users\mete\Downloads\uxminima\ux_minima_x64_v31_full\uxm31_runtime_fb.bas","C:\Users\mete\Downloads\uxminima\ux_minima_x64_v31_full","uxm31_runtime_fb.bas",".bas","29146","3.05.2026 22:56:25"
"C:\Users\mete\Downloads\uxminima\ux_minima_x64_v31_full\yeni tasarim eksiklikler.md","C:\Users\mete\Downloads\uxminima\ux_minima_x64_v31_full","yeni tasarim eksiklikler.md",".md","0","3.05.2026 22:11:53"
"C:\Users\mete\Downloads\uxminima\ux_minima_x64_v31_full\ide\uxminima-vscode\ide_okubeni.md","C:\Users\mete\Downloads\uxminima\ux_minima_x64_v31_full\ide\uxminima-vscode","ide_okubeni.md",".md","0","3.05.2026 21:36:01"
"C:\Users\mete\Downloads\uxminima\ux_minima_x64_v31_full\ide\uxminima-vscode\language-configuration.json","C:\Users\mete\Downloads\uxminima\ux_minima_x64_v31_full\ide\uxminima-vscode","language-configuration.json",".json","408","3.05.2026 21:34:13"
"C:\Users\mete\Downloads\uxminima\ux_minima_x64_v31_full\ide\uxminima-vscode\package.json","C:\Users\mete\Downloads\uxminima\ux_minima_x64_v31_full\ide\uxminima-vscode","package.json",".json","3886","3.05.2026 21:34:13"
"C:\Users\mete\Downloads\uxminima\ux_minima_x64_v31_full\ide\uxminima-vscode\README.md","C:\Users\mete\Downloads\uxminima\ux_minima_x64_v31_full\ide\uxminima-vscode","README.md",".md","1012","3.05.2026 21:34:13"
"C:\Users\mete\Downloads\uxminima\ux_minima_x64_v31_full\ide\uxminima-vscode\tsconfig.json","C:\Users\mete\Downloads\uxminima\ux_minima_x64_v31_full\ide\uxminima-vscode","tsconfig.json",".json","291","3.05.2026 21:34:13"
"C:\Users\mete\Downloads\uxminima\ux_minima_x64_v31_full\ide\uxminima-vscode\.github\copilot-instructions.md","C:\Users\mete\Downloads\uxminima\ux_minima_x64_v31_full\ide\uxminima-vscode\.github","copilot-instructions.md",".md","1347","3.05.2026 21:34:13"
"C:\Users\mete\Downloads\uxminima\ux_minima_x64_v31_full\ide\uxminima-vscode\.vscode\launch.json","C:\Users\mete\Downloads\uxminima\ux_minima_x64_v31_full\ide\uxminima-vscode\.vscode","launch.json",".json","310","3.05.2026 21:34:13"
"C:\Users\mete\Downloads\uxminima\ux_minima_x64_v31_full\ide\uxminima-vscode\.vscode\tasks.json","C:\Users\mete\Downloads\uxminima\ux_minima_x64_v31_full\ide\uxminima-vscode\.vscode","tasks.json",".json","282","3.05.2026 21:34:13"
"C:\Users\mete\Downloads\uxminima\ux_minima_x64_v31_full\ide\uxminima-vscode\docs\UXM_EXAMPLES.md","C:\Users\mete\Downloads\uxminima\ux_minima_x64_v31_full\ide\uxminima-vscode\docs","UXM_EXAMPLES.md",".md","241","3.05.2026 21:34:13"
"C:\Users\mete\Downloads\uxminima\ux_minima_x64_v31_full\ide\uxminima-vscode\docs\UXM_IDE_PROTOCOL.md","C:\Users\mete\Downloads\uxminima\ux_minima_x64_v31_full\ide\uxminima-vscode\docs","UXM_IDE_PROTOCOL.md",".md","514","3.05.2026 21:34:13"
"C:\Users\mete\Downloads\uxminima\ux_minima_x64_v31_full\ide\uxminima-vscode\docs\UXM_LANGUAGE_SPEC.md","C:\Users\mete\Downloads\uxminima\ux_minima_x64_v31_full\ide\uxminima-vscode\docs","UXM_LANGUAGE_SPEC.md",".md","933","3.05.2026 21:34:13"
"C:\Users\mete\Downloads\uxminima\ux_minima_x64_v31_full\ide\uxminima-vscode\docs\UXM_MEMORY_MODEL.md","C:\Users\mete\Downloads\uxminima\ux_minima_x64_v31_full\ide\uxminima-vscode\docs","UXM_MEMORY_MODEL.md",".md","472","3.05.2026 21:34:13"
"C:\Users\mete\Downloads\uxminima\ux_minima_x64_v31_full\ide\uxminima-vscode\docs\UXM_META_SERVICES.md","C:\Users\mete\Downloads\uxminima\ux_minima_x64_v31_full\ide\uxminima-vscode\docs","UXM_META_SERVICES.md",".md","819","3.05.2026 21:34:13"
"C:\Users\mete\Downloads\uxminima\ux_minima_x64_v31_full\ide\uxminima-vscode\docs\UXM_TRACE_FORMAT.md","C:\Users\mete\Downloads\uxminima\ux_minima_x64_v31_full\ide\uxminima-vscode\docs","UXM_TRACE_FORMAT.md",".md","548","3.05.2026 21:34:13"
"C:\Users\mete\Downloads\uxminima\ux_minima_x64_v31_full\ide\uxminima-vscode\examples\data_sort.uxm","C:\Users\mete\Downloads\uxminima\ux_minima_x64_v31_full\ide\uxminima-vscode\examples","data_sort.uxm",".uxm","206","3.05.2026 21:34:13"
"C:\Users\mete\Downloads\uxminima\ux_minima_x64_v31_full\ide\uxminima-vscode\examples\fifo_watch.uxm","C:\Users\mete\Downloads\uxminima\ux_minima_x64_v31_full\ide\uxminima-vscode\examples","fifo_watch.uxm",".uxm","101","3.05.2026 21:34:13"
"C:\Users\mete\Downloads\uxminima\ux_minima_x64_v31_full\ide\uxminima-vscode\snippets\uxm.code-snippets","C:\Users\mete\Downloads\uxminima\ux_minima_x64_v31_full\ide\uxminima-vscode\snippets","uxm.code-snippets",".code-snippets","1007","3.05.2026 21:34:13"
"C:\Users\mete\Downloads\uxminima\ux_minima_x64_v31_full\ide\uxminima-vscode\src\diagnostics.ts","C:\Users\mete\Downloads\uxminima\ux_minima_x64_v31_full\ide\uxminima-vscode\src","diagnostics.ts",".ts","4859","3.05.2026 21:34:13"
"C:\Users\mete\Downloads\uxminima\ux_minima_x64_v31_full\ide\uxminima-vscode\src\extension.ts","C:\Users\mete\Downloads\uxminima\ux_minima_x64_v31_full\ide\uxminima-vscode\src","extension.ts",".ts","6481","3.05.2026 21:34:13"
"C:\Users\mete\Downloads\uxminima\ux_minima_x64_v31_full\ide\uxminima-vscode\src\metaServices.ts","C:\Users\mete\Downloads\uxminima\ux_minima_x64_v31_full\ide\uxminima-vscode\src","metaServices.ts",".ts","6209","3.05.2026 21:34:13"
"C:\Users\mete\Downloads\uxminima\ux_minima_x64_v31_full\ide\uxminima-vscode\src\toolchain.ts","C:\Users\mete\Downloads\uxminima\ux_minima_x64_v31_full\ide\uxminima-vscode\src","toolchain.ts",".ts","4294","3.05.2026 21:34:13"
"C:\Users\mete\Downloads\uxminima\ux_minima_x64_v31_full\ide\uxminima-vscode\src\traceReader.ts","C:\Users\mete\Downloads\uxminima\ux_minima_x64_v31_full\ide\uxminima-vscode\src","traceReader.ts",".ts","1500","3.05.2026 21:34:13"
"C:\Users\mete\Downloads\uxminima\ux_minima_x64_v31_full\ide\uxminima-vscode\src\uxmInterpreter.ts","C:\Users\mete\Downloads\uxminima\ux_minima_x64_v31_full\ide\uxminima-vscode\src","uxmInterpreter.ts",".ts","23477","3.05.2026 21:34:13"
"C:\Users\mete\Downloads\uxminima\ux_minima_x64_v31_full\ide\uxminima-vscode\src\views\memoryView.ts","C:\Users\mete\Downloads\uxminima\ux_minima_x64_v31_full\ide\uxminima-vscode\src\views","memoryView.ts",".ts","6803","3.05.2026 21:34:13"
"C:\Users\mete\Downloads\uxminima\ux_minima_x64_v31_full\ide\uxminima-vscode\syntaxes\uxm.tmLanguage.json","C:\Users\mete\Downloads\uxminima\ux_minima_x64_v31_full\ide\uxminima-vscode\syntaxes","uxm.tmLanguage.json",".json","2546","3.05.2026 21:34:13"
"C:\Users\mete\Downloads\uxminima\ux_minima_x64_v31_full\ide\uxminima-vscode\tools\README_TOOLCHAIN.md","C:\Users\mete\Downloads\uxminima\ux_minima_x64_v31_full\ide\uxminima-vscode\tools","README_TOOLCHAIN.md",".md","342","3.05.2026 21:34:13"
"C:\Users\mete\Downloads\uxminima\ux_minima_x64_v31_full\kaldirilanlar\uxm31_full_tool_fb.bas","C:\Users\mete\Downloads\uxminima\ux_minima_x64_v31_full\kaldirilanlar","uxm31_full_tool_fb.bas",".bas","55969","3.05.2026 23:30:08"
"C:\Users\mete\Downloads\uxminima\ux_minima_x64_v31_full\tests\test01_print_A.uxm","C:\Users\mete\Downloads\uxminima\ux_minima_x64_v31_full\tests","test01_print_A.uxm",".uxm","31","3.05.2026 14:44:15"
"C:\Users\mete\Downloads\uxminima\ux_minima_x64_v31_full\tests\test02_string.uxm","C:\Users\mete\Downloads\uxminima\ux_minima_x64_v31_full\tests","test02_string.uxm",".uxm","108","3.05.2026 06:39:56"
"C:\Users\mete\Downloads\uxminima\ux_minima_x64_v31_full\tests\test03_addressing.uxm","C:\Users\mete\Downloads\uxminima\ux_minima_x64_v31_full\tests","test03_addressing.uxm",".uxm","72","3.05.2026 06:39:56"
"C:\Users\mete\Downloads\uxminima\ux_minima_x64_v31_full\tests\test04_stack_lifo.uxm","C:\Users\mete\Downloads\uxminima\ux_minima_x64_v31_full\tests","test04_stack_lifo.uxm",".uxm","54","3.05.2026 06:39:56"
"C:\Users\mete\Downloads\uxminima\ux_minima_x64_v31_full\tests\test05_meta_add.uxm","C:\Users\mete\Downloads\uxminima\ux_minima_x64_v31_full\tests","test05_meta_add.uxm",".uxm","45","3.05.2026 06:39:56"
"C:\Users\mete\Downloads\uxminima\ux_minima_x64_v31_full\tests\test06_dynamic_meta_mul.uxm","C:\Users\mete\Downloads\uxminima\ux_minima_x64_v31_full\tests","test06_dynamic_meta_mul.uxm",".uxm","50","3.05.2026 06:39:56"
"C:\Users\mete\Downloads\uxminima\ux_minima_x64_v31_full\tests\test07_macro.uxm","C:\Users\mete\Downloads\uxminima\ux_minima_x64_v31_full\tests","test07_macro.uxm",".uxm","25","3.05.2026 06:39:56"
"C:\Users\mete\Downloads\uxminima\ux_minima_x64_v31_full\tests\test08_newline.uxm","C:\Users\mete\Downloads\uxminima\ux_minima_x64_v31_full\tests","test08_newline.uxm",".uxm","53","3.05.2026 14:44:15"
"C:\Users\mete\Downloads\uxminima\ux_minima_x64_v31_full\tests\test09_div_mod.uxm","C:\Users\mete\Downloads\uxminima\ux_minima_x64_v31_full\tests","test09_div_mod.uxm",".uxm","84","3.05.2026 14:44:15"
"C:\Users\mete\Downloads\uxminima\ux_minima_x64_v31_full\tests\test10_sin_scaled.uxm","C:\Users\mete\Downloads\uxminima\ux_minima_x64_v31_full\tests","test10_sin_scaled.uxm",".uxm","33","3.05.2026 14:44:15"
"C:\Users\mete\Downloads\uxminima\ux_minima_x64_v31_full\tests\test11_hypotenuse.uxm","C:\Users\mete\Downloads\uxminima\ux_minima_x64_v31_full\tests","test11_hypotenuse.uxm",".uxm","34","3.05.2026 14:44:15"
"C:\Users\mete\Downloads\uxminima\ux_minima_x64_v31_full\tests\test12_signed_mode.uxm","C:\Users\mete\Downloads\uxminima\ux_minima_x64_v31_full\tests","test12_signed_mode.uxm",".uxm","0","3.05.2026 19:09:28"
"C:\Users\mete\Downloads\uxminima\ux_minima_x64_v31_full\tests\test13_status_div_zero.uxm","C:\Users\mete\Downloads\uxminima\ux_minima_x64_v31_full\tests","test13_status_div_zero.uxm",".uxm","0","3.05.2026 19:12:49"
"C:\Users\mete\Downloads\uxminima\ux_minima_x64_v31_full\tests\test14_branch_current_zero.uxm","C:\Users\mete\Downloads\uxminima\ux_minima_x64_v31_full\tests","test14_branch_current_zero.uxm",".uxm","0","3.05.2026 19:14:36"
"C:\Users\mete\Downloads\uxminima\ux_minima_x64_v31_full\tests\test15_branch_nonzero.uxm","C:\Users\mete\Downloads\uxminima\ux_minima_x64_v31_full\tests","test15_branch_nonzero.uxm",".uxm","0","3.05.2026 19:15:54"
"C:\Users\mete\Downloads\uxminima\ux_minima_x64_v31_full\tests\test16_data_digit.uxm","C:\Users\mete\Downloads\uxminima\ux_minima_x64_v31_full\tests","test16_data_digit.uxm",".uxm","0","3.05.2026 19:16:58"
"C:\Users\mete\Downloads\uxminima\ux_minima_x64_v31_full\tests\test17_endian_word_split.uxm","C:\Users\mete\Downloads\uxminima\ux_minima_x64_v31_full\tests","test17_endian_word_split.uxm",".uxm","0","3.05.2026 19:18:01"
"C:\Users\mete\Downloads\uxminima\ux_minima_x64_v31_full\tests\test18_pointer_service.uxm","C:\Users\mete\Downloads\uxminima\ux_minima_x64_v31_full\tests","test18_pointer_service.uxm",".uxm","0","3.05.2026 19:19:34"
"C:\Users\mete\Downloads\uxminima\ux_minima_x64_v31_full\tests\test20_fifo_char_order.uxm","C:\Users\mete\Downloads\uxminima\ux_minima_x64_v31_full\tests","test20_fifo_char_order.uxm",".uxm","126","3.05.2026 19:57:40"
"C:\Users\mete\Downloads\uxminima\ux_minima_x64_v31_full\tests\test21_fifo_count_peek.uxm","C:\Users\mete\Downloads\uxminima\ux_minima_x64_v31_full\tests","test21_fifo_count_peek.uxm",".uxm","119","3.05.2026 19:57:54"
"C:\Users\mete\Downloads\uxminima\ux_minima_x64_v31_full\tests\test22_data_write_read_char.uxm","C:\Users\mete\Downloads\uxminima\ux_minima_x64_v31_full\tests","test22_data_write_read_char.uxm",".uxm","110","3.05.2026 19:58:05"
"C:\Users\mete\Downloads\uxminima\ux_minima_x64_v31_full\tests\test23_data_digit_ascii_to_number.uxm","C:\Users\mete\Downloads\uxminima\ux_minima_x64_v31_full\tests","test23_data_digit_ascii_to_number.uxm",".uxm","114","3.05.2026 19:58:22"
"C:\Users\mete\Downloads\uxminima\ux_minima_x64_v31_full\tests\test24_data_block_copy_print.uxm","C:\Users\mete\Downloads\uxminima\ux_minima_x64_v31_full\tests","test24_data_block_copy_print.uxm",".uxm","232","3.05.2026 19:58:43"
"C:\Users\mete\Downloads\uxminima\ux_minima_x64_v31_full\tests\test25_data_sort_ascending.uxm","C:\Users\mete\Downloads\uxminima\ux_minima_x64_v31_full\tests","test25_data_sort_ascending.uxm",".uxm","230","3.05.2026 19:59:05"
"C:\Users\mete\Downloads\uxminima\ux_minima_x64_v31_full\tests\test26_tape_sort_descending_chars.uxm","C:\Users\mete\Downloads\uxminima\ux_minima_x64_v31_full\tests","test26_tape_sort_descending_chars.uxm",".uxm","151","3.05.2026 19:59:19"
"C:\Users\mete\Downloads\uxminima\ux_minima_x64_v31_full\tests\test27_tape_linear_search.uxm","C:\Users\mete\Downloads\uxminima\ux_minima_x64_v31_full\tests","test27_tape_linear_search.uxm",".uxm","131","3.05.2026 19:59:33"
"C:\Users\mete\Downloads\uxminima\ux_minima_x64_v31_full\tests\test28_dynamic_meta_fifo.uxm","C:\Users\mete\Downloads\uxminima\ux_minima_x64_v31_full\tests","test28_dynamic_meta_fifo.uxm",".uxm","110","3.05.2026 19:59:48"
"C:\Users\mete\Downloads\uxminima\ux_minima_x64_v31_full\tests\test29_nested_macro_call.uxm","C:\Users\mete\Downloads\uxminima\ux_minima_x64_v31_full\tests","test29_nested_macro_call.uxm",".uxm","97","3.05.2026 20:00:03"
"C:\Users\mete\Downloads\uxminima\ux_minima_x64_v31_full\tests\test30_word_mode_add.uxm","C:\Users\mete\Downloads\uxminima\ux_minima_x64_v31_full\tests","test30_word_mode_add.uxm",".uxm","106","3.05.2026 20:00:18"
"C:\Users\mete\Downloads\uxminima\ux_minima_x64_v31_full\tests\test31_safe_mode_wild_denied.uxm","C:\Users\mete\Downloads\uxminima\ux_minima_x64_v31_full\tests","test31_safe_mode_wild_denied.uxm",".uxm","148","3.05.2026 20:00:29"
"C:\Users\mete\Downloads\uxminima\ux_minima_x64_v31_full\tests\test32_wild_layout_change.uxm","C:\Users\mete\Downloads\uxminima\ux_minima_x64_v31_full\tests","test32_wild_layout_change.uxm",".uxm","129","3.05.2026 20:00:43"
"C:\Users\mete\Downloads\uxminima\ux_minima_x64_v31_full\tests\test33_bitwise_and_stack.uxm","C:\Users\mete\Downloads\uxminima\ux_minima_x64_v31_full\tests","test33_bitwise_and_stack.uxm",".uxm","100","3.05.2026 20:00:56"
"C:\Users\mete\Downloads\uxminima\ux_minima_x64_v31_full\tests\test34_data_block_clear.uxm","C:\Users\mete\Downloads\uxminima\ux_minima_x64_v31_full\tests","test34_data_block_clear.uxm",".uxm","159","3.05.2026 20:01:11"
"C:\Users\mete\Downloads\uxminima\ux_minima_x64_v31_full\tests\test35_optimizer_visible_result.uxm","C:\Users\mete\Downloads\uxminima\ux_minima_x64_v31_full\tests","test35_optimizer_visible_result.uxm",".uxm","91","3.05.2026 20:01:23"
"C:\Users\mete\Downloads\uxminima\ux_minima_x64_v31_full\tests\UX-MINIMA x64 V3.1 Tasarım Belgesi.md","C:\Users\mete\Downloads\uxminima\ux_minima_x64_v31_full\tests","UX-MINIMA x64 V3.1 Tasarım Belgesi.md",".md","191889","3.05.2026 14:46:15"
"C:\Users\mete\Downloads\uxminima\ux_minima_x64_v31_full\UX-FP V1\Decimal_FP_Sistemi.md","C:\Users\mete\Downloads\uxminima\ux_minima_x64_v31_full\UX-FP V1","Decimal_FP_Sistemi.md",".md","18135","3.05.2026 21:40:46"
