unique_id,expect_path,old_compact,new_compact,source_folder
0011__s10_STAGE10_hotfix1__uxm_tests_math_test_math04_expr_rpn_eval__2f2f641449,uxm/tests/all_expected_known/0011__s10_STAGE10_hotfix1__uxm_tests_math_test_math04_expr_rpn_eval__2f2f641449.expect,#mode:compact#exit_code:0#source:embedded_EXPECT_OUTPUT12,0,C:\Users\mete\Downloads\1\UXMv33\expected_results_v2\all_expected_v2_20260510_073624\mismatches\0011_0011__s10_STAGE10_hotfix1__uxm_tests_math_test_math04_expr_rpn_eval__2f2f641449
0012__s10_STAGE10_hotfix1__uxm_tests_math_test_math05_num_deriv__191a99caff,uxm/tests/all_expected_known/0012__s10_STAGE10_hotfix1__uxm_tests_math_test_math05_num_deriv__191a99caff.expect,#mode:compact#exit_code:0#source:embedded_EXPECT_OUTPUT10,0,C:\Users\mete\Downloads\1\UXMv33\expected_results_v2\all_expected_v2_20260510_073624\mismatches\0012_0012__s10_STAGE10_hotfix1__uxm_tests_math_test_math05_num_deriv__191a99caff
0013__s10_STAGE10_hotfix1__uxm_tests_math_test_math06_integral_trap__f9df1f263f,uxm/tests/all_expected_known/0013__s10_STAGE10_hotfix1__uxm_tests_math_test_math06_integral_trap__f9df1f263f.expect,#mode:compact#exit_code:0#source:embedded_EXPECT_OUTPUT50,0,C:\Users\mete\Downloads\1\UXMv33\expected_results_v2\all_expected_v2_20260510_073624\mismatches\0013_0013__s10_STAGE10_hotfix1__uxm_tests_math_test_math06_integral_trap__f9df1f263f
0014__s10_STAGE10_hotfix1__uxm_tests_math_test_math07_integral_simpson__7adae488ba,uxm/tests/all_expected_known/0014__s10_STAGE10_hotfix1__uxm_tests_math_test_math07_integral_simpson__7adae488ba.expect,#mode:compact#exit_code:0#source:embedded_EXPECT_OUTPUT72,0,C:\Users\mete\Downloads\1\UXMv33\expected_results_v2\all_expected_v2_20260510_073624\mismatches\0014_0014__s10_STAGE10_hotfix1__uxm_tests_math_test_math07_integral_simpson__7adae488ba
0015__s10_STAGE10_hotfix1__uxm_tests_matrix_tmp_det_debug__0ea11514b5,uxm/tests/all_expected_known/0015__s10_STAGE10_hotfix1__uxm_tests_matrix_tmp_det_debug__0ea11514b5.expect,#mode:compact#exit_code:0#source:embedded_EXPECT_OUTPUT-2,[12][34]-2,C:\Users\mete\Downloads\1\UXMv33\expected_results_v2\all_expected_v2_20260510_073624\mismatches\0015_0015__s10_STAGE10_hotfix1__uxm_tests_matrix_tmp_det_debug__0ea11514b5
0032__s10_STAGE10_hotfix1__uxm_tests_native_test13_status_div_zero__1517d0d659,uxm/tests/all_expected_known/0032__s10_STAGE10_hotfix1__uxm_tests_native_test13_status_div_zero__1517d0d659.expect,#mode:compact#exit_code:0#source:embedded_EXPECT_OUTPUT15,0,C:\Users\mete\Downloads\1\UXMv33\expected_results_v2\all_expected_v2_20260510_073624\mismatches\0027_0032__s10_STAGE10_hotfix1__uxm_tests_native_test13_status_div_zero__1517d0d659
0033__s10_STAGE10_hotfix1__uxm_tests_native_test14_branch_current_zero__475660ecab,uxm/tests/all_expected_known/0033__s10_STAGE10_hotfix1__uxm_tests_native_test14_branch_current_zero__475660ecab.expect,#mode:compact#exit_code:0#source:embedded_EXPECT_OUTPUT8,B,C:\Users\mete\Downloads\1\UXMv33\expected_results_v2\all_expected_v2_20260510_073624\mismatches\0028_0033__s10_STAGE10_hotfix1__uxm_tests_native_test14_branch_current_zero__475660ecab
0034__s10_STAGE10_hotfix1__uxm_tests_native_test15_branch_nonzero__264c6a7d20,uxm/tests/all_expected_known/0034__s10_STAGE10_hotfix1__uxm_tests_native_test15_branch_nonzero__264c6a7d20.expect,#mode:compact#exit_code:0#source:embedded_EXPECT_OUTPUT8,B,C:\Users\mete\Downloads\1\UXMv33\expected_results_v2\all_expected_v2_20260510_073624\mismatches\0029_0034__s10_STAGE10_hotfix1__uxm_tests_native_test15_branch_nonzero__264c6a7d20
0079__s10_STAGE10_hotfix1__uxm_tests_v33_test_v33_complex_basic__0344e7a13a,uxm/tests/all_expected_known/0079__s10_STAGE10_hotfix1__uxm_tests_v33_test_v33_complex_basic__0344e7a13a.expect,#mode:compact#exit_code:0#source:embedded_EXPECT_OUTPUT400000060000005000000,400000060000002236068,C:\Users\mete\Downloads\1\UXMv33\expected_results_v2\all_expected_v2_20260510_073624\mismatches\0069_0079__s10_STAGE10_hotfix1__uxm_tests_v33_test_v33_complex_basic__0344e7a13a
0087__s10_STAGE10_hotfix1__uxm_tests_v33_test_v33_matadv_inverse_identity__b905ef3b4a,uxm/tests/all_expected_known/0087__s10_STAGE10_hotfix1__uxm_tests_v33_test_v33_matadv_inverse_identity__b905ef3b4a.expect,"#mode:compact#exit_code:0#source:embedded_EXPECT_OUTPUT[10][01]memorytape=64,stack=8,data=256,queue=4celldwordmodenormal",[10][01],C:\Users\mete\Downloads\1\UXMv33\expected_results_v2\all_expected_v2_20260510_073624\mismatches\0073_0087__s10_STAGE10_hotfix1__uxm_tests_v33_test_v33_matadv_inverse_identity__b905ef3b4a
0088__s10_STAGE10_hotfix1__uxm_tests_v33_test_v33_numeric_poly_integral__dad9497505,uxm/tests/all_expected_known/0088__s10_STAGE10_hotfix1__uxm_tests_v33_test_v33_numeric_poly_integral__dad9497505.expect,#mode:compact#exit_code:0#source:embedded_EXPECT_OUTPUT9000000andabout2660000/2666666dependingn/rounding,90000002680000,C:\Users\mete\Downloads\1\UXMv33\expected_results_v2\all_expected_v2_20260510_073624\mismatches\0074_0088__s10_STAGE10_hotfix1__uxm_tests_v33_test_v33_numeric_poly_integral__dad9497505
0089__s10_STAGE10_hotfix1__uxm_tests_v33_test_v33_probability_random__0cedf8d236,uxm/tests/all_expected_known/0089__s10_STAGE10_hotfix1__uxm_tests_v33_test_v33_probability_random__0cedf8d236.expect,"#mode:compact#exit_code:0#source:embedded_EXPECT_OUTPUTdeterministicrandomvalues,allcompile/runsuccess",77693921720350,C:\Users\mete\Downloads\1\UXMv33\expected_results_v2\all_expected_v2_20260510_073624\mismatches\0075_0089__s10_STAGE10_hotfix1__uxm_tests_v33_test_v33_probability_random__0cedf8d236
0110__s10_STAGE10_matrix_adv_tensor__uxm_tests_math_test_math04_expr_rpn_eval__2f2f641449,uxm/tests/all_expected_known/0110__s10_STAGE10_matrix_adv_tensor__uxm_tests_math_test_math04_expr_rpn_eval__2f2f641449.expect,#mode:compact#exit_code:0#source:embedded_EXPECT_OUTPUT12,0,C:\Users\mete\Downloads\1\UXMv33\expected_results_v2\all_expected_v2_20260510_073624\mismatches\0089_0110__s10_STAGE10_matrix_adv_tensor__uxm_tests_math_test_math04_expr_rpn_eval__2f2f641449
0111__s10_STAGE10_matrix_adv_tensor__uxm_tests_math_test_math05_num_deriv__191a99caff,uxm/tests/all_expected_known/0111__s10_STAGE10_matrix_adv_tensor__uxm_tests_math_test_math05_num_deriv__191a99caff.expect,#mode:compact#exit_code:0#source:embedded_EXPECT_OUTPUT10,0,C:\Users\mete\Downloads\1\UXMv33\expected_results_v2\all_expected_v2_20260510_073624\mismatches\0090_0111__s10_STAGE10_matrix_adv_tensor__uxm_tests_math_test_math05_num_deriv__191a99caff
0112__s10_STAGE10_matrix_adv_tensor__uxm_tests_math_test_math06_integral_trap__f9df1f263f,uxm/tests/all_expected_known/0112__s10_STAGE10_matrix_adv_tensor__uxm_tests_math_test_math06_integral_trap__f9df1f263f.expect,#mode:compact#exit_code:0#source:embedded_EXPECT_OUTPUT50,0,C:\Users\mete\Downloads\1\UXMv33\expected_results_v2\all_expected_v2_20260510_073624\mismatches\0091_0112__s10_STAGE10_matrix_adv_tensor__uxm_tests_math_test_math06_integral_trap__f9df1f263f
0113__s10_STAGE10_matrix_adv_tensor__uxm_tests_math_test_math07_integral_simpson__7adae488ba,uxm/tests/all_expected_known/0113__s10_STAGE10_matrix_adv_tensor__uxm_tests_math_test_math07_integral_simpson__7adae488ba.expect,#mode:compact#exit_code:0#source:embedded_EXPECT_OUTPUT72,0,C:\Users\mete\Downloads\1\UXMv33\expected_results_v2\all_expected_v2_20260510_073624\mismatches\0092_0113__s10_STAGE10_matrix_adv_tensor__uxm_tests_math_test_math07_integral_simpson__7adae488ba
0114__s10_STAGE10_matrix_adv_tensor__uxm_tests_matrix_tmp_det_debug__0ea11514b5,uxm/tests/all_expected_known/0114__s10_STAGE10_matrix_adv_tensor__uxm_tests_matrix_tmp_det_debug__0ea11514b5.expect,#mode:compact#exit_code:0#source:embedded_EXPECT_OUTPUT-2,[12][34]-2,C:\Users\mete\Downloads\1\UXMv33\expected_results_v2\all_expected_v2_20260510_073624\mismatches\0093_0114__s10_STAGE10_matrix_adv_tensor__uxm_tests_matrix_tmp_det_debug__0ea11514b5
0131__s10_STAGE10_matrix_adv_tensor__uxm_tests_native_test13_status_div_zero__1517d0d659,uxm/tests/all_expected_known/0131__s10_STAGE10_matrix_adv_tensor__uxm_tests_native_test13_status_div_zero__1517d0d659.expect,#mode:compact#exit_code:0#source:embedded_EXPECT_OUTPUT15,0,C:\Users\mete\Downloads\1\UXMv33\expected_results_v2\all_expected_v2_20260510_073624\mismatches\0105_0131__s10_STAGE10_matrix_adv_tensor__uxm_tests_native_test13_status_div_zero__1517d0d659
0132__s10_STAGE10_matrix_adv_tensor__uxm_tests_native_test14_branch_current_zero__475660ecab,uxm/tests/all_expected_known/0132__s10_STAGE10_matrix_adv_tensor__uxm_tests_native_test14_branch_current_zero__475660ecab.expect,#mode:compact#exit_code:0#source:embedded_EXPECT_OUTPUT8,B,C:\Users\mete\Downloads\1\UXMv33\expected_results_v2\all_expected_v2_20260510_073624\mismatches\0106_0132__s10_STAGE10_matrix_adv_tensor__uxm_tests_native_test14_branch_current_zero__475660ecab
0133__s10_STAGE10_matrix_adv_tensor__uxm_tests_native_test15_branch_nonzero__264c6a7d20,uxm/tests/all_expected_known/0133__s10_STAGE10_matrix_adv_tensor__uxm_tests_native_test15_branch_nonzero__264c6a7d20.expect,#mode:compact#exit_code:0#source:embedded_EXPECT_OUTPUT8,B,C:\Users\mete\Downloads\1\UXMv33\expected_results_v2\all_expected_v2_20260510_073624\mismatches\0107_0133__s10_STAGE10_matrix_adv_tensor__uxm_tests_native_test15_branch_nonzero__264c6a7d20
0178__s10_STAGE10_matrix_adv_tensor__uxm_tests_v33_test_v33_complex_basic__0344e7a13a,uxm/tests/all_expected_known/0178__s10_STAGE10_matrix_adv_tensor__uxm_tests_v33_test_v33_complex_basic__0344e7a13a.expect,#mode:compact#exit_code:0#source:embedded_EXPECT_OUTPUT400000060000005000000,400000060000002236068,C:\Users\mete\Downloads\1\UXMv33\expected_results_v2\all_expected_v2_20260510_073624\mismatches\0147_0178__s10_STAGE10_matrix_adv_tensor__uxm_tests_v33_test_v33_complex_basic__0344e7a13a
0186__s10_STAGE10_matrix_adv_tensor__uxm_tests_v33_test_v33_matadv_inverse_identity__b905ef3b4a,uxm/tests/all_expected_known/0186__s10_STAGE10_matrix_adv_tensor__uxm_tests_v33_test_v33_matadv_inverse_identity__b905ef3b4a.expect,"#mode:compact#exit_code:0#source:embedded_EXPECT_OUTPUT[10][01]memorytape=64,stack=8,data=256,queue=4celldwordmodenormal",[10][01],C:\Users\mete\Downloads\1\UXMv33\expected_results_v2\all_expected_v2_20260510_073624\mismatches\0151_0186__s10_STAGE10_matrix_adv_tensor__uxm_tests_v33_test_v33_matadv_inverse_identity__b905ef3b4a
0187__s10_STAGE10_matrix_adv_tensor__uxm_tests_v33_test_v33_numeric_poly_integral__dad9497505,uxm/tests/all_expected_known/0187__s10_STAGE10_matrix_adv_tensor__uxm_tests_v33_test_v33_numeric_poly_integral__dad9497505.expect,#mode:compact#exit_code:0#source:embedded_EXPECT_OUTPUT9000000andabout2660000/2666666dependingn/rounding,90000002680000,C:\Users\mete\Downloads\1\UXMv33\expected_results_v2\all_expected_v2_20260510_073624\mismatches\0152_0187__s10_STAGE10_matrix_adv_tensor__uxm_tests_v33_test_v33_numeric_poly_integral__dad9497505
0188__s10_STAGE10_matrix_adv_tensor__uxm_tests_v33_test_v33_probability_random__0cedf8d236,uxm/tests/all_expected_known/0188__s10_STAGE10_matrix_adv_tensor__uxm_tests_v33_test_v33_probability_random__0cedf8d236.expect,"#mode:compact#exit_code:0#source:embedded_EXPECT_OUTPUTdeterministicrandomvalues,allcompile/runsuccess",77693921720350,C:\Users\mete\Downloads\1\UXMv33\expected_results_v2\all_expected_v2_20260510_073624\mismatches\0153_0188__s10_STAGE10_matrix_adv_tensor__uxm_tests_v33_test_v33_probability_random__0cedf8d236
0209__s11_STAGE11_tensor_advanced__uxm_tests_math_test_math04_expr_rpn_eval__2f2f641449,uxm/tests/all_expected_known/0209__s11_STAGE11_tensor_advanced__uxm_tests_math_test_math04_expr_rpn_eval__2f2f641449.expect,#mode:compact#exit_code:0#source:embedded_EXPECT_OUTPUT12,0,C:\Users\mete\Downloads\1\UXMv33\expected_results_v2\all_expected_v2_20260510_073624\mismatches\0167_0209__s11_STAGE11_tensor_advanced__uxm_tests_math_test_math04_expr_rpn_eval__2f2f641449
0210__s11_STAGE11_tensor_advanced__uxm_tests_math_test_math05_num_deriv__191a99caff,uxm/tests/all_expected_known/0210__s11_STAGE11_tensor_advanced__uxm_tests_math_test_math05_num_deriv__191a99caff.expect,#mode:compact#exit_code:0#source:embedded_EXPECT_OUTPUT10,0,C:\Users\mete\Downloads\1\UXMv33\expected_results_v2\all_expected_v2_20260510_073624\mismatches\0168_0210__s11_STAGE11_tensor_advanced__uxm_tests_math_test_math05_num_deriv__191a99caff
0211__s11_STAGE11_tensor_advanced__uxm_tests_math_test_math06_integral_trap__f9df1f263f,uxm/tests/all_expected_known/0211__s11_STAGE11_tensor_advanced__uxm_tests_math_test_math06_integral_trap__f9df1f263f.expect,#mode:compact#exit_code:0#source:embedded_EXPECT_OUTPUT50,0,C:\Users\mete\Downloads\1\UXMv33\expected_results_v2\all_expected_v2_20260510_073624\mismatches\0169_0211__s11_STAGE11_tensor_advanced__uxm_tests_math_test_math06_integral_trap__f9df1f263f
0212__s11_STAGE11_tensor_advanced__uxm_tests_math_test_math07_integral_simpson__7adae488ba,uxm/tests/all_expected_known/0212__s11_STAGE11_tensor_advanced__uxm_tests_math_test_math07_integral_simpson__7adae488ba.expect,#mode:compact#exit_code:0#source:embedded_EXPECT_OUTPUT72,0,C:\Users\mete\Downloads\1\UXMv33\expected_results_v2\all_expected_v2_20260510_073624\mismatches\0170_0212__s11_STAGE11_tensor_advanced__uxm_tests_math_test_math07_integral_simpson__7adae488ba
0213__s11_STAGE11_tensor_advanced__uxm_tests_matrix_tmp_det_debug__0ea11514b5,uxm/tests/all_expected_known/0213__s11_STAGE11_tensor_advanced__uxm_tests_matrix_tmp_det_debug__0ea11514b5.expect,#mode:compact#exit_code:0#source:embedded_EXPECT_OUTPUT-2,[12][34]-2,C:\Users\mete\Downloads\1\UXMv33\expected_results_v2\all_expected_v2_20260510_073624\mismatches\0171_0213__s11_STAGE11_tensor_advanced__uxm_tests_matrix_tmp_det_debug__0ea11514b5
0230__s11_STAGE11_tensor_advanced__uxm_tests_native_test13_status_div_zero__1517d0d659,uxm/tests/all_expected_known/0230__s11_STAGE11_tensor_advanced__uxm_tests_native_test13_status_div_zero__1517d0d659.expect,#mode:compact#exit_code:0#source:embedded_EXPECT_OUTPUT15,0,C:\Users\mete\Downloads\1\UXMv33\expected_results_v2\all_expected_v2_20260510_073624\mismatches\0183_0230__s11_STAGE11_tensor_advanced__uxm_tests_native_test13_status_div_zero__1517d0d659
0231__s11_STAGE11_tensor_advanced__uxm_tests_native_test14_branch_current_zero__475660ecab,uxm/tests/all_expected_known/0231__s11_STAGE11_tensor_advanced__uxm_tests_native_test14_branch_current_zero__475660ecab.expect,#mode:compact#exit_code:0#source:embedded_EXPECT_OUTPUT8,B,C:\Users\mete\Downloads\1\UXMv33\expected_results_v2\all_expected_v2_20260510_073624\mismatches\0184_0231__s11_STAGE11_tensor_advanced__uxm_tests_native_test14_branch_current_zero__475660ecab
0232__s11_STAGE11_tensor_advanced__uxm_tests_native_test15_branch_nonzero__264c6a7d20,uxm/tests/all_expected_known/0232__s11_STAGE11_tensor_advanced__uxm_tests_native_test15_branch_nonzero__264c6a7d20.expect,#mode:compact#exit_code:0#source:embedded_EXPECT_OUTPUT8,B,C:\Users\mete\Downloads\1\UXMv33\expected_results_v2\all_expected_v2_20260510_073624\mismatches\0185_0232__s11_STAGE11_tensor_advanced__uxm_tests_native_test15_branch_nonzero__264c6a7d20
0277__s11_STAGE11_tensor_advanced__uxm_tests_v33_test_v33_complex_basic__0344e7a13a,uxm/tests/all_expected_known/0277__s11_STAGE11_tensor_advanced__uxm_tests_v33_test_v33_complex_basic__0344e7a13a.expect,#mode:compact#exit_code:0#source:embedded_EXPECT_OUTPUT400000060000005000000,400000060000002236068,C:\Users\mete\Downloads\1\UXMv33\expected_results_v2\all_expected_v2_20260510_073624\mismatches\0225_0277__s11_STAGE11_tensor_advanced__uxm_tests_v33_test_v33_complex_basic__0344e7a13a
0285__s11_STAGE11_tensor_advanced__uxm_tests_v33_test_v33_matadv_inverse_identity__b905ef3b4a,uxm/tests/all_expected_known/0285__s11_STAGE11_tensor_advanced__uxm_tests_v33_test_v33_matadv_inverse_identity__b905ef3b4a.expect,"#mode:compact#exit_code:0#source:embedded_EXPECT_OUTPUT[10][01]memorytape=64,stack=8,data=256,queue=4celldwordmodenormal",[10][01],C:\Users\mete\Downloads\1\UXMv33\expected_results_v2\all_expected_v2_20260510_073624\mismatches\0229_0285__s11_STAGE11_tensor_advanced__uxm_tests_v33_test_v33_matadv_inverse_identity__b905ef3b4a
0286__s11_STAGE11_tensor_advanced__uxm_tests_v33_test_v33_numeric_poly_integral__dad9497505,uxm/tests/all_expected_known/0286__s11_STAGE11_tensor_advanced__uxm_tests_v33_test_v33_numeric_poly_integral__dad9497505.expect,#mode:compact#exit_code:0#source:embedded_EXPECT_OUTPUT9000000andabout2660000/2666666dependingn/rounding,90000002680000,C:\Users\mete\Downloads\1\UXMv33\expected_results_v2\all_expected_v2_20260510_073624\mismatches\0230_0286__s11_STAGE11_tensor_advanced__uxm_tests_v33_test_v33_numeric_poly_integral__dad9497505
0287__s11_STAGE11_tensor_advanced__uxm_tests_v33_test_v33_probability_random__0cedf8d236,uxm/tests/all_expected_known/0287__s11_STAGE11_tensor_advanced__uxm_tests_v33_test_v33_probability_random__0cedf8d236.expect,"#mode:compact#exit_code:0#source:embedded_EXPECT_OUTPUTdeterministicrandomvalues,allcompile/runsuccess",77693921720350,C:\Users\mete\Downloads\1\UXMv33\expected_results_v2\all_expected_v2_20260510_073624\mismatches\0231_0287__s11_STAGE11_tensor_advanced__uxm_tests_v33_test_v33_probability_random__0cedf8d236
0311__s12_STAGE12_tensor_advanced2__uxm_tests_math_test_math04_expr_rpn_eval__2f2f641449,uxm/tests/all_expected_known/0311__s12_STAGE12_tensor_advanced2__uxm_tests_math_test_math04_expr_rpn_eval__2f2f641449.expect,#mode:compact#exit_code:0#source:embedded_EXPECT_OUTPUT12,0,C:\Users\mete\Downloads\1\UXMv33\expected_results_v2\all_expected_v2_20260510_073624\mismatches\0245_0311__s12_STAGE12_tensor_advanced2__uxm_tests_math_test_math04_expr_rpn_eval__2f2f641449
0312__s12_STAGE12_tensor_advanced2__uxm_tests_math_test_math05_num_deriv__191a99caff,uxm/tests/all_expected_known/0312__s12_STAGE12_tensor_advanced2__uxm_tests_math_test_math05_num_deriv__191a99caff.expect,#mode:compact#exit_code:0#source:embedded_EXPECT_OUTPUT10,0,C:\Users\mete\Downloads\1\UXMv33\expected_results_v2\all_expected_v2_20260510_073624\mismatches\0246_0312__s12_STAGE12_tensor_advanced2__uxm_tests_math_test_math05_num_deriv__191a99caff
0313__s12_STAGE12_tensor_advanced2__uxm_tests_math_test_math06_integral_trap__f9df1f263f,uxm/tests/all_expected_known/0313__s12_STAGE12_tensor_advanced2__uxm_tests_math_test_math06_integral_trap__f9df1f263f.expect,#mode:compact#exit_code:0#source:embedded_EXPECT_OUTPUT50,0,C:\Users\mete\Downloads\1\UXMv33\expected_results_v2\all_expected_v2_20260510_073624\mismatches\0247_0313__s12_STAGE12_tensor_advanced2__uxm_tests_math_test_math06_integral_trap__f9df1f263f
0314__s12_STAGE12_tensor_advanced2__uxm_tests_math_test_math07_integral_simpson__7adae488ba,uxm/tests/all_expected_known/0314__s12_STAGE12_tensor_advanced2__uxm_tests_math_test_math07_integral_simpson__7adae488ba.expect,#mode:compact#exit_code:0#source:embedded_EXPECT_OUTPUT72,0,C:\Users\mete\Downloads\1\UXMv33\expected_results_v2\all_expected_v2_20260510_073624\mismatches\0248_0314__s12_STAGE12_tensor_advanced2__uxm_tests_math_test_math07_integral_simpson__7adae488ba
0315__s12_STAGE12_tensor_advanced2__uxm_tests_matrix_tmp_det_debug__0ea11514b5,uxm/tests/all_expected_known/0315__s12_STAGE12_tensor_advanced2__uxm_tests_matrix_tmp_det_debug__0ea11514b5.expect,#mode:compact#exit_code:0#source:embedded_EXPECT_OUTPUT-2,[12][34]-2,C:\Users\mete\Downloads\1\UXMv33\expected_results_v2\all_expected_v2_20260510_073624\mismatches\0249_0315__s12_STAGE12_tensor_advanced2__uxm_tests_matrix_tmp_det_debug__0ea11514b5
0332__s12_STAGE12_tensor_advanced2__uxm_tests_native_test13_status_div_zero__1517d0d659,uxm/tests/all_expected_known/0332__s12_STAGE12_tensor_advanced2__uxm_tests_native_test13_status_div_zero__1517d0d659.expect,#mode:compact#exit_code:0#source:embedded_EXPECT_OUTPUT15,0,C:\Users\mete\Downloads\1\UXMv33\expected_results_v2\all_expected_v2_20260510_073624\mismatches\0261_0332__s12_STAGE12_tensor_advanced2__uxm_tests_native_test13_status_div_zero__1517d0d659
0333__s12_STAGE12_tensor_advanced2__uxm_tests_native_test14_branch_current_zero__475660ecab,uxm/tests/all_expected_known/0333__s12_STAGE12_tensor_advanced2__uxm_tests_native_test14_branch_current_zero__475660ecab.expect,#mode:compact#exit_code:0#source:embedded_EXPECT_OUTPUT8,B,C:\Users\mete\Downloads\1\UXMv33\expected_results_v2\all_expected_v2_20260510_073624\mismatches\0262_0333__s12_STAGE12_tensor_advanced2__uxm_tests_native_test14_branch_current_zero__475660ecab
0334__s12_STAGE12_tensor_advanced2__uxm_tests_native_test15_branch_nonzero__264c6a7d20,uxm/tests/all_expected_known/0334__s12_STAGE12_tensor_advanced2__uxm_tests_native_test15_branch_nonzero__264c6a7d20.expect,#mode:compact#exit_code:0#source:embedded_EXPECT_OUTPUT8,B,C:\Users\mete\Downloads\1\UXMv33\expected_results_v2\all_expected_v2_20260510_073624\mismatches\0263_0334__s12_STAGE12_tensor_advanced2__uxm_tests_native_test15_branch_nonzero__264c6a7d20
0379__s12_STAGE12_tensor_advanced2__uxm_tests_v33_test_v33_complex_basic__0344e7a13a,uxm/tests/all_expected_known/0379__s12_STAGE12_tensor_advanced2__uxm_tests_v33_test_v33_complex_basic__0344e7a13a.expect,#mode:compact#exit_code:0#source:embedded_EXPECT_OUTPUT400000060000005000000,400000060000002236068,C:\Users\mete\Downloads\1\UXMv33\expected_results_v2\all_expected_v2_20260510_073624\mismatches\0303_0379__s12_STAGE12_tensor_advanced2__uxm_tests_v33_test_v33_complex_basic__0344e7a13a
0387__s12_STAGE12_tensor_advanced2__uxm_tests_v33_test_v33_matadv_inverse_identity__b905ef3b4a,uxm/tests/all_expected_known/0387__s12_STAGE12_tensor_advanced2__uxm_tests_v33_test_v33_matadv_inverse_identity__b905ef3b4a.expect,"#mode:compact#exit_code:0#source:embedded_EXPECT_OUTPUT[10][01]memorytape=64,stack=8,data=256,queue=4celldwordmodenormal",[10][01],C:\Users\mete\Downloads\1\UXMv33\expected_results_v2\all_expected_v2_20260510_073624\mismatches\0307_0387__s12_STAGE12_tensor_advanced2__uxm_tests_v33_test_v33_matadv_inverse_identity__b905ef3b4a
0388__s12_STAGE12_tensor_advanced2__uxm_tests_v33_test_v33_numeric_poly_integral__dad9497505,uxm/tests/all_expected_known/0388__s12_STAGE12_tensor_advanced2__uxm_tests_v33_test_v33_numeric_poly_integral__dad9497505.expect,#mode:compact#exit_code:0#source:embedded_EXPECT_OUTPUT9000000andabout2660000/2666666dependingn/rounding,90000002680000,C:\Users\mete\Downloads\1\UXMv33\expected_results_v2\all_expected_v2_20260510_073624\mismatches\0308_0388__s12_STAGE12_tensor_advanced2__uxm_tests_v33_test_v33_numeric_poly_integral__dad9497505
0389__s12_STAGE12_tensor_advanced2__uxm_tests_v33_test_v33_probability_random__0cedf8d236,uxm/tests/all_expected_known/0389__s12_STAGE12_tensor_advanced2__uxm_tests_v33_test_v33_probability_random__0cedf8d236.expect,"#mode:compact#exit_code:0#source:embedded_EXPECT_OUTPUTdeterministicrandomvalues,allcompile/runsuccess",77693921720350,C:\Users\mete\Downloads\1\UXMv33\expected_results_v2\all_expected_v2_20260510_073624\mismatches\0309_0389__s12_STAGE12_tensor_advanced2__uxm_tests_v33_test_v33_probability_random__0cedf8d236
0431__s14_STAGE14_linalg_advanced__uxm_tests_v33_stage14_test_s14_integration_rowops_det__ffb4dafd1c,uxm/tests/all_expected_known/0431__s14_STAGE14_linalg_advanced__uxm_tests_v33_stage14_test_s14_integration_rowops_det__ffb4dafd1c.expect,#mode:compact#exit_code:0#source:sibling_expect-2,0,C:\Users\mete\Downloads\1\UXMv33\expected_results_v2\all_expected_v2_20260510_073624\mismatches\0338_0431__s14_STAGE14_linalg_advanced__uxm_tests_v33_stage14_test_s14_integration_rowops_det__ffb4dafd1c
0432__s14_STAGE14_linalg_advanced__uxm_tests_v33_stage14_test_s14_integration_solve_then_matvec__9b84c8e909,uxm/tests/all_expected_known/0432__s14_STAGE14_linalg_advanced__uxm_tests_v33_stage14_test_s14_integration_solve_then_matvec__9b84c8e909.expect,#mode:compact#exit_code:0#source:sibling_expect31,36,C:\Users\mete\Downloads\1\UXMv33\expected_results_v2\all_expected_v2_20260510_073624\mismatches\0339_0432__s14_STAGE14_linalg_advanced__uxm_tests_v33_stage14_test_s14_integration_solve_then_matvec__9b84c8e909
0439__s14_STAGE14_linalg_advanced__uxm_tests_v33_stage14_test_s14_linalg_inverse_nxn__9a523d865f,uxm/tests/all_expected_known/0439__s14_STAGE14_linalg_advanced__uxm_tests_v33_stage14_test_s14_linalg_inverse_nxn__9a523d865f.expect,#mode:compact#exit_code:0#source:sibling_expect11,22,C:\Users\mete\Downloads\1\UXMv33\expected_results_v2\all_expected_v2_20260510_073624\mismatches\0346_0439__s14_STAGE14_linalg_advanced__uxm_tests_v33_stage14_test_s14_linalg_inverse_nxn__9a523d865f
0444__s14_STAGE14_linalg_advanced__uxm_tests_v33_stage14_test_s14_linalg_solve_nxn__617ee60b8f,uxm/tests/all_expected_known/0444__s14_STAGE14_linalg_advanced__uxm_tests_v33_stage14_test_s14_linalg_solve_nxn__617ee60b8f.expect,#mode:compact#exit_code:0#source:sibling_expect15,16,C:\Users\mete\Downloads\1\UXMv33\expected_results_v2\all_expected_v2_20260510_073624\mismatches\0351_0444__s14_STAGE14_linalg_advanced__uxm_tests_v33_stage14_test_s14_linalg_solve_nxn__617ee60b8f
0484__s17_STAGE17_test_framework__uxm_tests_stage17_test_s17_expect_multiline__395682003c,uxm/tests/all_expected_known/0484__s17_STAGE17_test_framework__uxm_tests_stage17_test_s17_expect_multiline__395682003c.expect,#mode:exact#exit_code:0#source:sibling_expect3042,3042,C:\Users\mete\Downloads\1\UXMv33\expected_results_v2\all_expected_v2_20260510_073624\mismatches\0391_0484__s17_STAGE17_test_framework__uxm_tests_stage17_test_s17_expect_multiline__395682003c
0936__s01_STAGE1__uxm_tests_math_test_math04_expr_rpn_eval__2f2f641449,uxm/tests/all_expected_known/0936__s01_STAGE1__uxm_tests_math_test_math04_expr_rpn_eval__2f2f641449.expect,#mode:compact#exit_code:0#source:embedded_EXPECT_OUTPUT12,0,C:\Users\mete\Downloads\1\UXMv33\expected_results_v2\all_expected_v2_20260510_073624\mismatches\0442_0936__s01_STAGE1__uxm_tests_math_test_math04_expr_rpn_eval__2f2f641449
0937__s01_STAGE1__uxm_tests_math_test_math05_num_deriv__191a99caff,uxm/tests/all_expected_known/0937__s01_STAGE1__uxm_tests_math_test_math05_num_deriv__191a99caff.expect,#mode:compact#exit_code:0#source:embedded_EXPECT_OUTPUT10,0,C:\Users\mete\Downloads\1\UXMv33\expected_results_v2\all_expected_v2_20260510_073624\mismatches\0443_0937__s01_STAGE1__uxm_tests_math_test_math05_num_deriv__191a99caff
0938__s01_STAGE1__uxm_tests_math_test_math06_integral_trap__f9df1f263f,uxm/tests/all_expected_known/0938__s01_STAGE1__uxm_tests_math_test_math06_integral_trap__f9df1f263f.expect,#mode:compact#exit_code:0#source:embedded_EXPECT_OUTPUT50,0,C:\Users\mete\Downloads\1\UXMv33\expected_results_v2\all_expected_v2_20260510_073624\mismatches\0444_0938__s01_STAGE1__uxm_tests_math_test_math06_integral_trap__f9df1f263f
0939__s01_STAGE1__uxm_tests_math_test_math07_integral_simpson__7adae488ba,uxm/tests/all_expected_known/0939__s01_STAGE1__uxm_tests_math_test_math07_integral_simpson__7adae488ba.expect,#mode:compact#exit_code:0#source:embedded_EXPECT_OUTPUT72,0,C:\Users\mete\Downloads\1\UXMv33\expected_results_v2\all_expected_v2_20260510_073624\mismatches\0445_0939__s01_STAGE1__uxm_tests_math_test_math07_integral_simpson__7adae488ba
0940__s01_STAGE1__uxm_tests_matrix_tmp_det_debug__e17f820639,uxm/tests/all_expected_known/0940__s01_STAGE1__uxm_tests_matrix_tmp_det_debug__e17f820639.expect,#mode:compact#exit_code:0#source:embedded_EXPECT_OUTPUT-2,[12][34]-2,C:\Users\mete\Downloads\1\UXMv33\expected_results_v2\all_expected_v2_20260510_073624\mismatches\0446_0940__s01_STAGE1__uxm_tests_matrix_tmp_det_debug__e17f820639
0957__s01_STAGE1__uxm_tests_native_test13_status_div_zero__207d72a375,uxm/tests/all_expected_known/0957__s01_STAGE1__uxm_tests_native_test13_status_div_zero__207d72a375.expect,#mode:compact#exit_code:0#source:embedded_EXPECT_OUTPUT15,0,C:\Users\mete\Downloads\1\UXMv33\expected_results_v2\all_expected_v2_20260510_073624\mismatches\0458_0957__s01_STAGE1__uxm_tests_native_test13_status_div_zero__207d72a375
0958__s01_STAGE1__uxm_tests_native_test14_branch_current_zero__0d0730bdf5,uxm/tests/all_expected_known/0958__s01_STAGE1__uxm_tests_native_test14_branch_current_zero__0d0730bdf5.expect,#mode:compact#exit_code:0#source:embedded_EXPECT_OUTPUT8,B,C:\Users\mete\Downloads\1\UXMv33\expected_results_v2\all_expected_v2_20260510_073624\mismatches\0459_0958__s01_STAGE1__uxm_tests_native_test14_branch_current_zero__0d0730bdf5
0959__s01_STAGE1__uxm_tests_native_test15_branch_nonzero__b96e692ead,uxm/tests/all_expected_known/0959__s01_STAGE1__uxm_tests_native_test15_branch_nonzero__b96e692ead.expect,#mode:compact#exit_code:0#source:embedded_EXPECT_OUTPUT8,B,C:\Users\mete\Downloads\1\UXMv33\expected_results_v2\all_expected_v2_20260510_073624\mismatches\0460_0959__s01_STAGE1__uxm_tests_native_test15_branch_nonzero__b96e692ead
1013__s02_STAGE2_memory__uxm_tests_math_test_math04_expr_rpn_eval__2f2f641449,uxm/tests/all_expected_known/1013__s02_STAGE2_memory__uxm_tests_math_test_math04_expr_rpn_eval__2f2f641449.expect,#mode:compact#exit_code:0#source:embedded_EXPECT_OUTPUT12,0,C:\Users\mete\Downloads\1\UXMv33\expected_results_v2\all_expected_v2_20260510_073624\mismatches\0510_1013__s02_STAGE2_memory__uxm_tests_math_test_math04_expr_rpn_eval__2f2f641449
1014__s02_STAGE2_memory__uxm_tests_math_test_math05_num_deriv__191a99caff,uxm/tests/all_expected_known/1014__s02_STAGE2_memory__uxm_tests_math_test_math05_num_deriv__191a99caff.expect,#mode:compact#exit_code:0#source:embedded_EXPECT_OUTPUT10,0,C:\Users\mete\Downloads\1\UXMv33\expected_results_v2\all_expected_v2_20260510_073624\mismatches\0511_1014__s02_STAGE2_memory__uxm_tests_math_test_math05_num_deriv__191a99caff
1015__s02_STAGE2_memory__uxm_tests_math_test_math06_integral_trap__f9df1f263f,uxm/tests/all_expected_known/1015__s02_STAGE2_memory__uxm_tests_math_test_math06_integral_trap__f9df1f263f.expect,#mode:compact#exit_code:0#source:embedded_EXPECT_OUTPUT50,0,C:\Users\mete\Downloads\1\UXMv33\expected_results_v2\all_expected_v2_20260510_073624\mismatches\0512_1015__s02_STAGE2_memory__uxm_tests_math_test_math06_integral_trap__f9df1f263f
1016__s02_STAGE2_memory__uxm_tests_math_test_math07_integral_simpson__7adae488ba,uxm/tests/all_expected_known/1016__s02_STAGE2_memory__uxm_tests_math_test_math07_integral_simpson__7adae488ba.expect,#mode:compact#exit_code:0#source:embedded_EXPECT_OUTPUT72,0,C:\Users\mete\Downloads\1\UXMv33\expected_results_v2\all_expected_v2_20260510_073624\mismatches\0513_1016__s02_STAGE2_memory__uxm_tests_math_test_math07_integral_simpson__7adae488ba
1017__s02_STAGE2_memory__uxm_tests_matrix_tmp_det_debug__e17f820639,uxm/tests/all_expected_known/1017__s02_STAGE2_memory__uxm_tests_matrix_tmp_det_debug__e17f820639.expect,#mode:compact#exit_code:0#source:embedded_EXPECT_OUTPUT-2,[12][34]-2,C:\Users\mete\Downloads\1\UXMv33\expected_results_v2\all_expected_v2_20260510_073624\mismatches\0514_1017__s02_STAGE2_memory__uxm_tests_matrix_tmp_det_debug__e17f820639
1034__s02_STAGE2_memory__uxm_tests_native_test13_status_div_zero__207d72a375,uxm/tests/all_expected_known/1034__s02_STAGE2_memory__uxm_tests_native_test13_status_div_zero__207d72a375.expect,#mode:compact#exit_code:0#source:embedded_EXPECT_OUTPUT15,0,C:\Users\mete\Downloads\1\UXMv33\expected_results_v2\all_expected_v2_20260510_073624\mismatches\0526_1034__s02_STAGE2_memory__uxm_tests_native_test13_status_div_zero__207d72a375
1035__s02_STAGE2_memory__uxm_tests_native_test14_branch_current_zero__0d0730bdf5,uxm/tests/all_expected_known/1035__s02_STAGE2_memory__uxm_tests_native_test14_branch_current_zero__0d0730bdf5.expect,#mode:compact#exit_code:0#source:embedded_EXPECT_OUTPUT8,B,C:\Users\mete\Downloads\1\UXMv33\expected_results_v2\all_expected_v2_20260510_073624\mismatches\0527_1035__s02_STAGE2_memory__uxm_tests_native_test14_branch_current_zero__0d0730bdf5
1036__s02_STAGE2_memory__uxm_tests_native_test15_branch_nonzero__b96e692ead,uxm/tests/all_expected_known/1036__s02_STAGE2_memory__uxm_tests_native_test15_branch_nonzero__b96e692ead.expect,#mode:compact#exit_code:0#source:embedded_EXPECT_OUTPUT8,B,C:\Users\mete\Downloads\1\UXMv33\expected_results_v2\all_expected_v2_20260510_073624\mismatches\0528_1036__s02_STAGE2_memory__uxm_tests_native_test15_branch_nonzero__b96e692ead
1090__s03_STAGE3_memory_policy__uxm_tests_math_test_math04_expr_rpn_eval__2f2f641449,uxm/tests/all_expected_known/1090__s03_STAGE3_memory_policy__uxm_tests_math_test_math04_expr_rpn_eval__2f2f641449.expect,#mode:compact#exit_code:0#source:embedded_EXPECT_OUTPUT12,0,C:\Users\mete\Downloads\1\UXMv33\expected_results_v2\all_expected_v2_20260510_073624\mismatches\0578_1090__s03_STAGE3_memory_policy__uxm_tests_math_test_math04_expr_rpn_eval__2f2f641449
1091__s03_STAGE3_memory_policy__uxm_tests_math_test_math05_num_deriv__191a99caff,uxm/tests/all_expected_known/1091__s03_STAGE3_memory_policy__uxm_tests_math_test_math05_num_deriv__191a99caff.expect,#mode:compact#exit_code:0#source:embedded_EXPECT_OUTPUT10,0,C:\Users\mete\Downloads\1\UXMv33\expected_results_v2\all_expected_v2_20260510_073624\mismatches\0579_1091__s03_STAGE3_memory_policy__uxm_tests_math_test_math05_num_deriv__191a99caff
1092__s03_STAGE3_memory_policy__uxm_tests_math_test_math06_integral_trap__f9df1f263f,uxm/tests/all_expected_known/1092__s03_STAGE3_memory_policy__uxm_tests_math_test_math06_integral_trap__f9df1f263f.expect,#mode:compact#exit_code:0#source:embedded_EXPECT_OUTPUT50,0,C:\Users\mete\Downloads\1\UXMv33\expected_results_v2\all_expected_v2_20260510_073624\mismatches\0580_1092__s03_STAGE3_memory_policy__uxm_tests_math_test_math06_integral_trap__f9df1f263f
1093__s03_STAGE3_memory_policy__uxm_tests_math_test_math07_integral_simpson__7adae488ba,uxm/tests/all_expected_known/1093__s03_STAGE3_memory_policy__uxm_tests_math_test_math07_integral_simpson__7adae488ba.expect,#mode:compact#exit_code:0#source:embedded_EXPECT_OUTPUT72,0,C:\Users\mete\Downloads\1\UXMv33\expected_results_v2\all_expected_v2_20260510_073624\mismatches\0581_1093__s03_STAGE3_memory_policy__uxm_tests_math_test_math07_integral_simpson__7adae488ba
1094__s03_STAGE3_memory_policy__uxm_tests_matrix_tmp_det_debug__e17f820639,uxm/tests/all_expected_known/1094__s03_STAGE3_memory_policy__uxm_tests_matrix_tmp_det_debug__e17f820639.expect,#mode:compact#exit_code:0#source:embedded_EXPECT_OUTPUT-2,[12][34]-2,C:\Users\mete\Downloads\1\UXMv33\expected_results_v2\all_expected_v2_20260510_073624\mismatches\0582_1094__s03_STAGE3_memory_policy__uxm_tests_matrix_tmp_det_debug__e17f820639
1111__s03_STAGE3_memory_policy__uxm_tests_native_test13_status_div_zero__207d72a375,uxm/tests/all_expected_known/1111__s03_STAGE3_memory_policy__uxm_tests_native_test13_status_div_zero__207d72a375.expect,#mode:compact#exit_code:0#source:embedded_EXPECT_OUTPUT15,0,C:\Users\mete\Downloads\1\UXMv33\expected_results_v2\all_expected_v2_20260510_073624\mismatches\0594_1111__s03_STAGE3_memory_policy__uxm_tests_native_test13_status_div_zero__207d72a375
1112__s03_STAGE3_memory_policy__uxm_tests_native_test14_branch_current_zero__0d0730bdf5,uxm/tests/all_expected_known/1112__s03_STAGE3_memory_policy__uxm_tests_native_test14_branch_current_zero__0d0730bdf5.expect,#mode:compact#exit_code:0#source:embedded_EXPECT_OUTPUT8,B,C:\Users\mete\Downloads\1\UXMv33\expected_results_v2\all_expected_v2_20260510_073624\mismatches\0595_1112__s03_STAGE3_memory_policy__uxm_tests_native_test14_branch_current_zero__0d0730bdf5
1113__s03_STAGE3_memory_policy__uxm_tests_native_test15_branch_nonzero__b96e692ead,uxm/tests/all_expected_known/1113__s03_STAGE3_memory_policy__uxm_tests_native_test15_branch_nonzero__b96e692ead.expect,#mode:compact#exit_code:0#source:embedded_EXPECT_OUTPUT8,B,C:\Users\mete\Downloads\1\UXMv33\expected_results_v2\all_expected_v2_20260510_073624\mismatches\0596_1113__s03_STAGE3_memory_policy__uxm_tests_native_test15_branch_nonzero__b96e692ead
1167__s04_STAGE4_string_v1__uxm_tests_math_test_math04_expr_rpn_eval__2f2f641449,uxm/tests/all_expected_known/1167__s04_STAGE4_string_v1__uxm_tests_math_test_math04_expr_rpn_eval__2f2f641449.expect,#mode:compact#exit_code:0#source:embedded_EXPECT_OUTPUT12,0,C:\Users\mete\Downloads\1\UXMv33\expected_results_v2\all_expected_v2_20260510_073624\mismatches\0646_1167__s04_STAGE4_string_v1__uxm_tests_math_test_math04_expr_rpn_eval__2f2f641449
1168__s04_STAGE4_string_v1__uxm_tests_math_test_math05_num_deriv__191a99caff,uxm/tests/all_expected_known/1168__s04_STAGE4_string_v1__uxm_tests_math_test_math05_num_deriv__191a99caff.expect,#mode:compact#exit_code:0#source:embedded_EXPECT_OUTPUT10,0,C:\Users\mete\Downloads\1\UXMv33\expected_results_v2\all_expected_v2_20260510_073624\mismatches\0647_1168__s04_STAGE4_string_v1__uxm_tests_math_test_math05_num_deriv__191a99caff
1169__s04_STAGE4_string_v1__uxm_tests_math_test_math06_integral_trap__f9df1f263f,uxm/tests/all_expected_known/1169__s04_STAGE4_string_v1__uxm_tests_math_test_math06_integral_trap__f9df1f263f.expect,#mode:compact#exit_code:0#source:embedded_EXPECT_OUTPUT50,0,C:\Users\mete\Downloads\1\UXMv33\expected_results_v2\all_expected_v2_20260510_073624\mismatches\0648_1169__s04_STAGE4_string_v1__uxm_tests_math_test_math06_integral_trap__f9df1f263f
1170__s04_STAGE4_string_v1__uxm_tests_math_test_math07_integral_simpson__7adae488ba,uxm/tests/all_expected_known/1170__s04_STAGE4_string_v1__uxm_tests_math_test_math07_integral_simpson__7adae488ba.expect,#mode:compact#exit_code:0#source:embedded_EXPECT_OUTPUT72,0,C:\Users\mete\Downloads\1\UXMv33\expected_results_v2\all_expected_v2_20260510_073624\mismatches\0649_1170__s04_STAGE4_string_v1__uxm_tests_math_test_math07_integral_simpson__7adae488ba
1171__s04_STAGE4_string_v1__uxm_tests_matrix_tmp_det_debug__e17f820639,uxm/tests/all_expected_known/1171__s04_STAGE4_string_v1__uxm_tests_matrix_tmp_det_debug__e17f820639.expect,#mode:compact#exit_code:0#source:embedded_EXPECT_OUTPUT-2,[12][34]-2,C:\Users\mete\Downloads\1\UXMv33\expected_results_v2\all_expected_v2_20260510_073624\mismatches\0650_1171__s04_STAGE4_string_v1__uxm_tests_matrix_tmp_det_debug__e17f820639
1188__s04_STAGE4_string_v1__uxm_tests_native_test13_status_div_zero__207d72a375,uxm/tests/all_expected_known/1188__s04_STAGE4_string_v1__uxm_tests_native_test13_status_div_zero__207d72a375.expect,#mode:compact#exit_code:0#source:embedded_EXPECT_OUTPUT15,0,C:\Users\mete\Downloads\1\UXMv33\expected_results_v2\all_expected_v2_20260510_073624\mismatches\0662_1188__s04_STAGE4_string_v1__uxm_tests_native_test13_status_div_zero__207d72a375
1189__s04_STAGE4_string_v1__uxm_tests_native_test14_branch_current_zero__0d0730bdf5,uxm/tests/all_expected_known/1189__s04_STAGE4_string_v1__uxm_tests_native_test14_branch_current_zero__0d0730bdf5.expect,#mode:compact#exit_code:0#source:embedded_EXPECT_OUTPUT8,B,C:\Users\mete\Downloads\1\UXMv33\expected_results_v2\all_expected_v2_20260510_073624\mismatches\0663_1189__s04_STAGE4_string_v1__uxm_tests_native_test14_branch_current_zero__0d0730bdf5
1190__s04_STAGE4_string_v1__uxm_tests_native_test15_branch_nonzero__b96e692ead,uxm/tests/all_expected_known/1190__s04_STAGE4_string_v1__uxm_tests_native_test15_branch_nonzero__b96e692ead.expect,#mode:compact#exit_code:0#source:embedded_EXPECT_OUTPUT8,B,C:\Users\mete\Downloads\1\UXMv33\expected_results_v2\all_expected_v2_20260510_073624\mismatches\0664_1190__s04_STAGE4_string_v1__uxm_tests_native_test15_branch_nonzero__b96e692ead
1247__s05_STAGE5_file_v1__uxm_tests_math_test_math04_expr_rpn_eval__2f2f641449,uxm/tests/all_expected_known/1247__s05_STAGE5_file_v1__uxm_tests_math_test_math04_expr_rpn_eval__2f2f641449.expect,#mode:compact#exit_code:0#source:embedded_EXPECT_OUTPUT12,0,C:\Users\mete\Downloads\1\UXMv33\expected_results_v2\all_expected_v2_20260510_073624\mismatches\0714_1247__s05_STAGE5_file_v1__uxm_tests_math_test_math04_expr_rpn_eval__2f2f641449
1248__s05_STAGE5_file_v1__uxm_tests_math_test_math05_num_deriv__191a99caff,uxm/tests/all_expected_known/1248__s05_STAGE5_file_v1__uxm_tests_math_test_math05_num_deriv__191a99caff.expect,#mode:compact#exit_code:0#source:embedded_EXPECT_OUTPUT10,0,C:\Users\mete\Downloads\1\UXMv33\expected_results_v2\all_expected_v2_20260510_073624\mismatches\0715_1248__s05_STAGE5_file_v1__uxm_tests_math_test_math05_num_deriv__191a99caff
1249__s05_STAGE5_file_v1__uxm_tests_math_test_math06_integral_trap__f9df1f263f,uxm/tests/all_expected_known/1249__s05_STAGE5_file_v1__uxm_tests_math_test_math06_integral_trap__f9df1f263f.expect,#mode:compact#exit_code:0#source:embedded_EXPECT_OUTPUT50,0,C:\Users\mete\Downloads\1\UXMv33\expected_results_v2\all_expected_v2_20260510_073624\mismatches\0716_1249__s05_STAGE5_file_v1__uxm_tests_math_test_math06_integral_trap__f9df1f263f
1250__s05_STAGE5_file_v1__uxm_tests_math_test_math07_integral_simpson__7adae488ba,uxm/tests/all_expected_known/1250__s05_STAGE5_file_v1__uxm_tests_math_test_math07_integral_simpson__7adae488ba.expect,#mode:compact#exit_code:0#source:embedded_EXPECT_OUTPUT72,0,C:\Users\mete\Downloads\1\UXMv33\expected_results_v2\all_expected_v2_20260510_073624\mismatches\0717_1250__s05_STAGE5_file_v1__uxm_tests_math_test_math07_integral_simpson__7adae488ba
1251__s05_STAGE5_file_v1__uxm_tests_matrix_tmp_det_debug__e17f820639,uxm/tests/all_expected_known/1251__s05_STAGE5_file_v1__uxm_tests_matrix_tmp_det_debug__e17f820639.expect,#mode:compact#exit_code:0#source:embedded_EXPECT_OUTPUT-2,[12][34]-2,C:\Users\mete\Downloads\1\UXMv33\expected_results_v2\all_expected_v2_20260510_073624\mismatches\0718_1251__s05_STAGE5_file_v1__uxm_tests_matrix_tmp_det_debug__e17f820639
1268__s05_STAGE5_file_v1__uxm_tests_native_test13_status_div_zero__207d72a375,uxm/tests/all_expected_known/1268__s05_STAGE5_file_v1__uxm_tests_native_test13_status_div_zero__207d72a375.expect,#mode:compact#exit_code:0#source:embedded_EXPECT_OUTPUT15,0,C:\Users\mete\Downloads\1\UXMv33\expected_results_v2\all_expected_v2_20260510_073624\mismatches\0730_1268__s05_STAGE5_file_v1__uxm_tests_native_test13_status_div_zero__207d72a375
1269__s05_STAGE5_file_v1__uxm_tests_native_test14_branch_current_zero__0d0730bdf5,uxm/tests/all_expected_known/1269__s05_STAGE5_file_v1__uxm_tests_native_test14_branch_current_zero__0d0730bdf5.expect,#mode:compact#exit_code:0#source:embedded_EXPECT_OUTPUT8,B,C:\Users\mete\Downloads\1\UXMv33\expected_results_v2\all_expected_v2_20260510_073624\mismatches\0731_1269__s05_STAGE5_file_v1__uxm_tests_native_test14_branch_current_zero__0d0730bdf5
1270__s05_STAGE5_file_v1__uxm_tests_native_test15_branch_nonzero__b96e692ead,uxm/tests/all_expected_known/1270__s05_STAGE5_file_v1__uxm_tests_native_test15_branch_nonzero__b96e692ead.expect,#mode:compact#exit_code:0#source:embedded_EXPECT_OUTPUT8,B,C:\Users\mete\Downloads\1\UXMv33\expected_results_v2\all_expected_v2_20260510_073624\mismatches\0732_1270__s05_STAGE5_file_v1__uxm_tests_native_test15_branch_nonzero__b96e692ead
1330__s06_STAGE6_string_v2__uxm_tests_math_test_math04_expr_rpn_eval__2f2f641449,uxm/tests/all_expected_known/1330__s06_STAGE6_string_v2__uxm_tests_math_test_math04_expr_rpn_eval__2f2f641449.expect,#mode:compact#exit_code:0#source:embedded_EXPECT_OUTPUT12,0,C:\Users\mete\Downloads\1\UXMv33\expected_results_v2\all_expected_v2_20260510_073624\mismatches\0782_1330__s06_STAGE6_string_v2__uxm_tests_math_test_math04_expr_rpn_eval__2f2f641449
1331__s06_STAGE6_string_v2__uxm_tests_math_test_math05_num_deriv__191a99caff,uxm/tests/all_expected_known/1331__s06_STAGE6_string_v2__uxm_tests_math_test_math05_num_deriv__191a99caff.expect,#mode:compact#exit_code:0#source:embedded_EXPECT_OUTPUT10,0,C:\Users\mete\Downloads\1\UXMv33\expected_results_v2\all_expected_v2_20260510_073624\mismatches\0783_1331__s06_STAGE6_string_v2__uxm_tests_math_test_math05_num_deriv__191a99caff
1332__s06_STAGE6_string_v2__uxm_tests_math_test_math06_integral_trap__f9df1f263f,uxm/tests/all_expected_known/1332__s06_STAGE6_string_v2__uxm_tests_math_test_math06_integral_trap__f9df1f263f.expect,#mode:compact#exit_code:0#source:embedded_EXPECT_OUTPUT50,0,C:\Users\mete\Downloads\1\UXMv33\expected_results_v2\all_expected_v2_20260510_073624\mismatches\0784_1332__s06_STAGE6_string_v2__uxm_tests_math_test_math06_integral_trap__f9df1f263f
1333__s06_STAGE6_string_v2__uxm_tests_math_test_math07_integral_simpson__7adae488ba,uxm/tests/all_expected_known/1333__s06_STAGE6_string_v2__uxm_tests_math_test_math07_integral_simpson__7adae488ba.expect,#mode:compact#exit_code:0#source:embedded_EXPECT_OUTPUT72,0,C:\Users\mete\Downloads\1\UXMv33\expected_results_v2\all_expected_v2_20260510_073624\mismatches\0785_1333__s06_STAGE6_string_v2__uxm_tests_math_test_math07_integral_simpson__7adae488ba
1334__s06_STAGE6_string_v2__uxm_tests_matrix_tmp_det_debug__e17f820639,uxm/tests/all_expected_known/1334__s06_STAGE6_string_v2__uxm_tests_matrix_tmp_det_debug__e17f820639.expect,#mode:compact#exit_code:0#source:embedded_EXPECT_OUTPUT-2,[12][34]-2,C:\Users\mete\Downloads\1\UXMv33\expected_results_v2\all_expected_v2_20260510_073624\mismatches\0786_1334__s06_STAGE6_string_v2__uxm_tests_matrix_tmp_det_debug__e17f820639
1351__s06_STAGE6_string_v2__uxm_tests_native_test13_status_div_zero__207d72a375,uxm/tests/all_expected_known/1351__s06_STAGE6_string_v2__uxm_tests_native_test13_status_div_zero__207d72a375.expect,#mode:compact#exit_code:0#source:embedded_EXPECT_OUTPUT15,0,C:\Users\mete\Downloads\1\UXMv33\expected_results_v2\all_expected_v2_20260510_073624\mismatches\0798_1351__s06_STAGE6_string_v2__uxm_tests_native_test13_status_div_zero__207d72a375
1352__s06_STAGE6_string_v2__uxm_tests_native_test14_branch_current_zero__0d0730bdf5,uxm/tests/all_expected_known/1352__s06_STAGE6_string_v2__uxm_tests_native_test14_branch_current_zero__0d0730bdf5.expect,#mode:compact#exit_code:0#source:embedded_EXPECT_OUTPUT8,B,C:\Users\mete\Downloads\1\UXMv33\expected_results_v2\all_expected_v2_20260510_073624\mismatches\0799_1352__s06_STAGE6_string_v2__uxm_tests_native_test14_branch_current_zero__0d0730bdf5
1353__s06_STAGE6_string_v2__uxm_tests_native_test15_branch_nonzero__b96e692ead,uxm/tests/all_expected_known/1353__s06_STAGE6_string_v2__uxm_tests_native_test15_branch_nonzero__b96e692ead.expect,#mode:compact#exit_code:0#source:embedded_EXPECT_OUTPUT8,B,C:\Users\mete\Downloads\1\UXMv33\expected_results_v2\all_expected_v2_20260510_073624\mismatches\0800_1353__s06_STAGE6_string_v2__uxm_tests_native_test15_branch_nonzero__b96e692ead
1417__s07_STAGE7_bio_v1__uxm_tests_math_test_math04_expr_rpn_eval__2f2f641449,uxm/tests/all_expected_known/1417__s07_STAGE7_bio_v1__uxm_tests_math_test_math04_expr_rpn_eval__2f2f641449.expect,#mode:compact#exit_code:0#source:embedded_EXPECT_OUTPUT12,0,C:\Users\mete\Downloads\1\UXMv33\expected_results_v2\all_expected_v2_20260510_073624\mismatches\0850_1417__s07_STAGE7_bio_v1__uxm_tests_math_test_math04_expr_rpn_eval__2f2f641449
1418__s07_STAGE7_bio_v1__uxm_tests_math_test_math05_num_deriv__191a99caff,uxm/tests/all_expected_known/1418__s07_STAGE7_bio_v1__uxm_tests_math_test_math05_num_deriv__191a99caff.expect,#mode:compact#exit_code:0#source:embedded_EXPECT_OUTPUT10,0,C:\Users\mete\Downloads\1\UXMv33\expected_results_v2\all_expected_v2_20260510_073624\mismatches\0851_1418__s07_STAGE7_bio_v1__uxm_tests_math_test_math05_num_deriv__191a99caff
1419__s07_STAGE7_bio_v1__uxm_tests_math_test_math06_integral_trap__f9df1f263f,uxm/tests/all_expected_known/1419__s07_STAGE7_bio_v1__uxm_tests_math_test_math06_integral_trap__f9df1f263f.expect,#mode:compact#exit_code:0#source:embedded_EXPECT_OUTPUT50,0,C:\Users\mete\Downloads\1\UXMv33\expected_results_v2\all_expected_v2_20260510_073624\mismatches\0852_1419__s07_STAGE7_bio_v1__uxm_tests_math_test_math06_integral_trap__f9df1f263f
1420__s07_STAGE7_bio_v1__uxm_tests_math_test_math07_integral_simpson__7adae488ba,uxm/tests/all_expected_known/1420__s07_STAGE7_bio_v1__uxm_tests_math_test_math07_integral_simpson__7adae488ba.expect,#mode:compact#exit_code:0#source:embedded_EXPECT_OUTPUT72,0,C:\Users\mete\Downloads\1\UXMv33\expected_results_v2\all_expected_v2_20260510_073624\mismatches\0853_1420__s07_STAGE7_bio_v1__uxm_tests_math_test_math07_integral_simpson__7adae488ba
1421__s07_STAGE7_bio_v1__uxm_tests_matrix_tmp_det_debug__e17f820639,uxm/tests/all_expected_known/1421__s07_STAGE7_bio_v1__uxm_tests_matrix_tmp_det_debug__e17f820639.expect,#mode:compact#exit_code:0#source:embedded_EXPECT_OUTPUT-2,[12][34]-2,C:\Users\mete\Downloads\1\UXMv33\expected_results_v2\all_expected_v2_20260510_073624\mismatches\0854_1421__s07_STAGE7_bio_v1__uxm_tests_matrix_tmp_det_debug__e17f820639
1438__s07_STAGE7_bio_v1__uxm_tests_native_test13_status_div_zero__207d72a375,uxm/tests/all_expected_known/1438__s07_STAGE7_bio_v1__uxm_tests_native_test13_status_div_zero__207d72a375.expect,#mode:compact#exit_code:0#source:embedded_EXPECT_OUTPUT15,0,C:\Users\mete\Downloads\1\UXMv33\expected_results_v2\all_expected_v2_20260510_073624\mismatches\0866_1438__s07_STAGE7_bio_v1__uxm_tests_native_test13_status_div_zero__207d72a375
1439__s07_STAGE7_bio_v1__uxm_tests_native_test14_branch_current_zero__0d0730bdf5,uxm/tests/all_expected_known/1439__s07_STAGE7_bio_v1__uxm_tests_native_test14_branch_current_zero__0d0730bdf5.expect,#mode:compact#exit_code:0#source:embedded_EXPECT_OUTPUT8,B,C:\Users\mete\Downloads\1\UXMv33\expected_results_v2\all_expected_v2_20260510_073624\mismatches\0867_1439__s07_STAGE7_bio_v1__uxm_tests_native_test14_branch_current_zero__0d0730bdf5
1440__s07_STAGE7_bio_v1__uxm_tests_native_test15_branch_nonzero__b96e692ead,uxm/tests/all_expected_known/1440__s07_STAGE7_bio_v1__uxm_tests_native_test15_branch_nonzero__b96e692ead.expect,#mode:compact#exit_code:0#source:embedded_EXPECT_OUTPUT8,B,C:\Users\mete\Downloads\1\UXMv33\expected_results_v2\all_expected_v2_20260510_073624\mismatches\0868_1440__s07_STAGE7_bio_v1__uxm_tests_native_test15_branch_nonzero__b96e692ead
1507__s08_STAGE8_statistics_v1__uxm_tests_math_test_math04_expr_rpn_eval__2f2f641449,uxm/tests/all_expected_known/1507__s08_STAGE8_statistics_v1__uxm_tests_math_test_math04_expr_rpn_eval__2f2f641449.expect,#mode:compact#exit_code:0#source:embedded_EXPECT_OUTPUT12,0,C:\Users\mete\Downloads\1\UXMv33\expected_results_v2\all_expected_v2_20260510_073624\mismatches\0918_1507__s08_STAGE8_statistics_v1__uxm_tests_math_test_math04_expr_rpn_eval__2f2f641449
1508__s08_STAGE8_statistics_v1__uxm_tests_math_test_math05_num_deriv__191a99caff,uxm/tests/all_expected_known/1508__s08_STAGE8_statistics_v1__uxm_tests_math_test_math05_num_deriv__191a99caff.expect,#mode:compact#exit_code:0#source:embedded_EXPECT_OUTPUT10,0,C:\Users\mete\Downloads\1\UXMv33\expected_results_v2\all_expected_v2_20260510_073624\mismatches\0919_1508__s08_STAGE8_statistics_v1__uxm_tests_math_test_math05_num_deriv__191a99caff
1509__s08_STAGE8_statistics_v1__uxm_tests_math_test_math06_integral_trap__f9df1f263f,uxm/tests/all_expected_known/1509__s08_STAGE8_statistics_v1__uxm_tests_math_test_math06_integral_trap__f9df1f263f.expect,#mode:compact#exit_code:0#source:embedded_EXPECT_OUTPUT50,0,C:\Users\mete\Downloads\1\UXMv33\expected_results_v2\all_expected_v2_20260510_073624\mismatches\0920_1509__s08_STAGE8_statistics_v1__uxm_tests_math_test_math06_integral_trap__f9df1f263f
1510__s08_STAGE8_statistics_v1__uxm_tests_math_test_math07_integral_simpson__7adae488ba,uxm/tests/all_expected_known/1510__s08_STAGE8_statistics_v1__uxm_tests_math_test_math07_integral_simpson__7adae488ba.expect,#mode:compact#exit_code:0#source:embedded_EXPECT_OUTPUT72,0,C:\Users\mete\Downloads\1\UXMv33\expected_results_v2\all_expected_v2_20260510_073624\mismatches\0921_1510__s08_STAGE8_statistics_v1__uxm_tests_math_test_math07_integral_simpson__7adae488ba
1511__s08_STAGE8_statistics_v1__uxm_tests_matrix_tmp_det_debug__0ea11514b5,uxm/tests/all_expected_known/1511__s08_STAGE8_statistics_v1__uxm_tests_matrix_tmp_det_debug__0ea11514b5.expect,#mode:compact#exit_code:0#source:embedded_EXPECT_OUTPUT-2,[12][34]-2,C:\Users\mete\Downloads\1\UXMv33\expected_results_v2\all_expected_v2_20260510_073624\mismatches\0922_1511__s08_STAGE8_statistics_v1__uxm_tests_matrix_tmp_det_debug__0ea11514b5
1528__s08_STAGE8_statistics_v1__uxm_tests_native_test13_status_div_zero__1517d0d659,uxm/tests/all_expected_known/1528__s08_STAGE8_statistics_v1__uxm_tests_native_test13_status_div_zero__1517d0d659.expect,#mode:compact#exit_code:0#source:embedded_EXPECT_OUTPUT15,0,C:\Users\mete\Downloads\1\UXMv33\expected_results_v2\all_expected_v2_20260510_073624\mismatches\0934_1528__s08_STAGE8_statistics_v1__uxm_tests_native_test13_status_div_zero__1517d0d659
1529__s08_STAGE8_statistics_v1__uxm_tests_native_test14_branch_current_zero__475660ecab,uxm/tests/all_expected_known/1529__s08_STAGE8_statistics_v1__uxm_tests_native_test14_branch_current_zero__475660ecab.expect,#mode:compact#exit_code:0#source:embedded_EXPECT_OUTPUT8,B,C:\Users\mete\Downloads\1\UXMv33\expected_results_v2\all_expected_v2_20260510_073624\mismatches\0935_1529__s08_STAGE8_statistics_v1__uxm_tests_native_test14_branch_current_zero__475660ecab
1530__s08_STAGE8_statistics_v1__uxm_tests_native_test15_branch_nonzero__264c6a7d20,uxm/tests/all_expected_known/1530__s08_STAGE8_statistics_v1__uxm_tests_native_test15_branch_nonzero__264c6a7d20.expect,#mode:compact#exit_code:0#source:embedded_EXPECT_OUTPUT8,B,C:\Users\mete\Downloads\1\UXMv33\expected_results_v2\all_expected_v2_20260510_073624\mismatches\0936_1530__s08_STAGE8_statistics_v1__uxm_tests_native_test15_branch_nonzero__264c6a7d20
1600__s09_STAGE9_prob_numeric_complex__uxm_tests_math_test_math04_expr_rpn_eval__2f2f641449,uxm/tests/all_expected_known/1600__s09_STAGE9_prob_numeric_complex__uxm_tests_math_test_math04_expr_rpn_eval__2f2f641449.expect,#mode:compact#exit_code:0#source:embedded_EXPECT_OUTPUT12,0,C:\Users\mete\Downloads\1\UXMv33\expected_results_v2\all_expected_v2_20260510_073624\mismatches\0990_1600__s09_STAGE9_prob_numeric_complex__uxm_tests_math_test_math04_expr_rpn_eval__2f2f641449
1601__s09_STAGE9_prob_numeric_complex__uxm_tests_math_test_math05_num_deriv__191a99caff,uxm/tests/all_expected_known/1601__s09_STAGE9_prob_numeric_complex__uxm_tests_math_test_math05_num_deriv__191a99caff.expect,#mode:compact#exit_code:0#source:embedded_EXPECT_OUTPUT10,0,C:\Users\mete\Downloads\1\UXMv33\expected_results_v2\all_expected_v2_20260510_073624\mismatches\0991_1601__s09_STAGE9_prob_numeric_complex__uxm_tests_math_test_math05_num_deriv__191a99caff
1602__s09_STAGE9_prob_numeric_complex__uxm_tests_math_test_math06_integral_trap__f9df1f263f,uxm/tests/all_expected_known/1602__s09_STAGE9_prob_numeric_complex__uxm_tests_math_test_math06_integral_trap__f9df1f263f.expect,#mode:compact#exit_code:0#source:embedded_EXPECT_OUTPUT50,0,C:\Users\mete\Downloads\1\UXMv33\expected_results_v2\all_expected_v2_20260510_073624\mismatches\0992_1602__s09_STAGE9_prob_numeric_complex__uxm_tests_math_test_math06_integral_trap__f9df1f263f
1603__s09_STAGE9_prob_numeric_complex__uxm_tests_math_test_math07_integral_simpson__7adae488ba,uxm/tests/all_expected_known/1603__s09_STAGE9_prob_numeric_complex__uxm_tests_math_test_math07_integral_simpson__7adae488ba.expect,#mode:compact#exit_code:0#source:embedded_EXPECT_OUTPUT72,0,C:\Users\mete\Downloads\1\UXMv33\expected_results_v2\all_expected_v2_20260510_073624\mismatches\0993_1603__s09_STAGE9_prob_numeric_complex__uxm_tests_math_test_math07_integral_simpson__7adae488ba
1604__s09_STAGE9_prob_numeric_complex__uxm_tests_matrix_tmp_det_debug__0ea11514b5,uxm/tests/all_expected_known/1604__s09_STAGE9_prob_numeric_complex__uxm_tests_matrix_tmp_det_debug__0ea11514b5.expect,#mode:compact#exit_code:0#source:embedded_EXPECT_OUTPUT-2,[12][34]-2,C:\Users\mete\Downloads\1\UXMv33\expected_results_v2\all_expected_v2_20260510_073624\mismatches\0994_1604__s09_STAGE9_prob_numeric_complex__uxm_tests_matrix_tmp_det_debug__0ea11514b5
1621__s09_STAGE9_prob_numeric_complex__uxm_tests_native_test13_status_div_zero__1517d0d659,uxm/tests/all_expected_known/1621__s09_STAGE9_prob_numeric_complex__uxm_tests_native_test13_status_div_zero__1517d0d659.expect,#mode:compact#exit_code:0#source:embedded_EXPECT_OUTPUT15,0,C:\Users\mete\Downloads\1\UXMv33\expected_results_v2\all_expected_v2_20260510_073624\mismatches\1006_1621__s09_STAGE9_prob_numeric_complex__uxm_tests_native_test13_status_div_zero__1517d0d659
1622__s09_STAGE9_prob_numeric_complex__uxm_tests_native_test14_branch_current_zero__475660ecab,uxm/tests/all_expected_known/1622__s09_STAGE9_prob_numeric_complex__uxm_tests_native_test14_branch_current_zero__475660ecab.expect,#mode:compact#exit_code:0#source:embedded_EXPECT_OUTPUT8,B,C:\Users\mete\Downloads\1\UXMv33\expected_results_v2\all_expected_v2_20260510_073624\mismatches\1007_1622__s09_STAGE9_prob_numeric_complex__uxm_tests_native_test14_branch_current_zero__475660ecab
1623__s09_STAGE9_prob_numeric_complex__uxm_tests_native_test15_branch_nonzero__264c6a7d20,uxm/tests/all_expected_known/1623__s09_STAGE9_prob_numeric_complex__uxm_tests_native_test15_branch_nonzero__264c6a7d20.expect,#mode:compact#exit_code:0#source:embedded_EXPECT_OUTPUT8,B,C:\Users\mete\Downloads\1\UXMv33\expected_results_v2\all_expected_v2_20260510_073624\mismatches\1008_1623__s09_STAGE9_prob_numeric_complex__uxm_tests_native_test15_branch_nonzero__264c6a7d20
1668__s09_STAGE9_prob_numeric_complex__uxm_tests_v33_test_v33_complex_basic__0344e7a13a,uxm/tests/all_expected_known/1668__s09_STAGE9_prob_numeric_complex__uxm_tests_v33_test_v33_complex_basic__0344e7a13a.expect,#mode:compact#exit_code:0#source:embedded_EXPECT_OUTPUT400000060000005000000,400000060000002236068,C:\Users\mete\Downloads\1\UXMv33\expected_results_v2\all_expected_v2_20260510_073624\mismatches\1048_1668__s09_STAGE9_prob_numeric_complex__uxm_tests_v33_test_v33_complex_basic__0344e7a13a
1675__s09_STAGE9_prob_numeric_complex__uxm_tests_v33_test_v33_numeric_poly_integral__dad9497505,uxm/tests/all_expected_known/1675__s09_STAGE9_prob_numeric_complex__uxm_tests_v33_test_v33_numeric_poly_integral__dad9497505.expect,#mode:compact#exit_code:0#source:embedded_EXPECT_OUTPUT9000000andabout2660000/2666666dependingn/rounding,90000002680000,C:\Users\mete\Downloads\1\UXMv33\expected_results_v2\all_expected_v2_20260510_073624\mismatches\1051_1675__s09_STAGE9_prob_numeric_complex__uxm_tests_v33_test_v33_numeric_poly_integral__dad9497505
1676__s09_STAGE9_prob_numeric_complex__uxm_tests_v33_test_v33_probability_random__0cedf8d236,uxm/tests/all_expected_known/1676__s09_STAGE9_prob_numeric_complex__uxm_tests_v33_test_v33_probability_random__0cedf8d236.expect,"#mode:compact#exit_code:0#source:embedded_EXPECT_OUTPUTdeterministicrandomvalues,allcompile/runsuccess",77693921720350,C:\Users\mete\Downloads\1\UXMv33\expected_results_v2\all_expected_v2_20260510_073624\mismatches\1052_1676__s09_STAGE9_prob_numeric_complex__uxm_tests_v33_test_v33_probability_random__0cedf8d236
